Date	Month	Channel	Unit Sales	Operating Profit
01/01/2011	Jan-11	Hypermarkets	1765	6317.4
01/01/2011	Jan-11	Hypermarkets	673	2113.74
01/01/2011	Jan-11	Hypermarkets	1100	6057.11
01/01/2011	Jan-11	Hypermarkets	548	3237.22
01/01/2011	Jan-11	Hypermarkets	3307	17835.74
01/01/2011	Jan-11	Hypermarkets	9596	43835.83
01/01/2011	Jan-11	Hypermarkets	6629	27111.6
01/01/2011	Jan-11	Hypermarkets	695	6999.02
01/01/2011	Jan-11	Hypermarkets	707	6747.64
01/01/2011	Jan-11	Hypermarkets	1110	4696.53
01/01/2011	Jan-11	Hypermarkets	1207	4183.8
01/01/2011	Jan-11	Hypermarkets	610	3688.82
01/01/2011	Jan-11	Hypermarkets	1096	5962.49
01/01/2011	Jan-11	Hypermarkets	469	2047.66
01/01/2011	Jan-11	Hypermarkets	2948	11150.45
01/01/2011	Jan-11	Hypermarkets	105	1116.48
01/01/2011	Jan-11	Hypermarkets	133	859.65
01/01/2011	Jan-11	Hypermarkets	890	5156
01/01/2011	Jan-11	Hypermarkets	1693	8641.1
01/01/2011	Jan-11	Hypermarkets	6623	33504.37
01/01/2011	Jan-11	Hypermarkets	4514	21756.97
01/01/2011	Jan-11	Hypermarkets	16594	66143.21
01/01/2011	Jan-11	Hypermarkets	2600	10758.09
01/01/2011	Jan-11	Hypermarkets	396	2353.48
01/01/2011	Jan-11	Hypermarkets	1575	7590.18
01/01/2011	Jan-11	Hypermarkets	735	5561.35
01/01/2011	Jan-11	Hypermarkets	688	5287.53
01/01/2011	Jan-11	Hypermarkets	1727	13099.86
01/01/2011	Jan-11	Hypermarkets	7383	47247.57
01/01/2011	Jan-11	Hypermarkets	4094	24674.91
01/01/2011	Jan-11	Hypermarkets	893	5975.39
01/01/2011	Jan-11	Hypermarkets	979	3731.92
01/01/2011	Jan-11	Hypermarkets	872	4532.35
01/01/2011	Jan-11	Hypermarkets	1891	8918.32
01/01/2011	Jan-11	Hypermarkets	3067	13468.67
01/01/2011	Jan-11	Hypermarkets	804	4116.65
01/01/2011	Jan-11	Supermarkets	838	3341.82
01/01/2011	Jan-11	Supermarkets	752	2363.77
01/01/2011	Jan-11	Supermarkets	18593	88644.3
01/01/2011	Jan-11	Supermarkets	383	2490.25
01/01/2011	Jan-11	Supermarkets	3831	21960.05
01/01/2011	Jan-11	Supermarkets	10205	48503.6
01/01/2011	Jan-11	Supermarkets	4793	20964.21
01/01/2011	Jan-11	Supermarkets	346	3958.3
01/01/2011	Jan-11	Supermarkets	632	6607.77
01/01/2011	Jan-11	Supermarkets	461	2120.77
01/01/2011	Jan-11	Supermarkets	767	2868.88
01/01/2011	Jan-11	Supermarkets	728	4431.48
01/01/2011	Jan-11	Supermarkets	563	3355.83
01/01/2011	Jan-11	Supermarkets	383	1780.99
01/01/2011	Jan-11	Supermarkets	1884	7834.34
01/01/2011	Jan-11	Supermarkets	291	3126.97
01/01/2011	Jan-11	Supermarkets	344	2294.04
01/01/2011	Jan-11	Supermarkets	1871	11496.3
01/01/2011	Jan-11	Supermarkets	1461	7626.15
01/01/2011	Jan-11	Supermarkets	2836	15828.39
01/01/2011	Jan-11	Supermarkets	22206	92101.44
01/01/2011	Jan-11	Supermarkets	5645	24394.87
01/01/2011	Jan-11	Supermarkets	1748	7978.69
01/01/2011	Jan-11	Supermarkets	847	5002.03
01/01/2011	Jan-11	Supermarkets	319	1684.84
01/01/2011	Jan-11	Supermarkets	945	7926.94
01/01/2011	Jan-11	Supermarkets	485	3951.05
01/01/2011	Jan-11	Supermarkets	930	7989.25
01/01/2011	Jan-11	Supermarkets	6137	41594.53
01/01/2011	Jan-11	Supermarkets	1915	12266.07
01/01/2011	Jan-11	Supermarkets	107	890.08
01/01/2011	Jan-11	Supermarkets	233	1027.01
01/01/2011	Jan-11	Supermarkets	776	4573.5
01/01/2011	Jan-11	Supermarkets	2216	11001.17
01/01/2011	Jan-11	Supermarkets	927	4513.4
01/01/2011	Jan-11	Supermarkets	188	1051.95
01/02/2011	Feb-11	Hypermarkets	1997	7306.59
01/02/2011	Feb-11	Hypermarkets	698	2191.78
01/02/2011	Feb-11	Hypermarkets	1194	6581.68
01/02/2011	Feb-11	Hypermarkets	513	2977.61
01/02/2011	Feb-11	Hypermarkets	2622	15359.62
01/02/2011	Feb-11	Hypermarkets	6954	33532.49
01/02/2011	Feb-11	Hypermarkets	5454	24493.96
01/02/2011	Feb-11	Hypermarkets	736	7995.17
01/02/2011	Feb-11	Hypermarkets	763	7381.65
01/02/2011	Feb-11	Hypermarkets	1164	5188.32
01/02/2011	Feb-11	Hypermarkets	1213	4182.25
01/02/2011	Feb-11	Hypermarkets	1253	7278.12
01/02/2011	Feb-11	Hypermarkets	840	4709.36
01/02/2011	Feb-11	Hypermarkets	758	3073.99
01/02/2011	Feb-11	Hypermarkets	4202	14967.26
01/02/2011	Feb-11	Hypermarkets	206	2051.19
01/02/2011	Feb-11	Hypermarkets	176	1134.79
01/02/2011	Feb-11	Hypermarkets	832	4881.18
01/02/2011	Feb-11	Hypermarkets	1184	6157.79
01/02/2011	Feb-11	Hypermarkets	4069	22408.8
01/02/2011	Feb-11	Hypermarkets	7652	36080.6
01/02/2011	Feb-11	Hypermarkets	17552	70154.85
01/02/2011	Feb-11	Hypermarkets	3179	13082.03
01/02/2011	Feb-11	Hypermarkets	413	2610.67
01/02/2011	Feb-11	Hypermarkets	1602	7935.83
01/02/2011	Feb-11	Hypermarkets	1004	7450.83
01/02/2011	Feb-11	Hypermarkets	617	4826.19
01/02/2011	Feb-11	Hypermarkets	1919	14842.37
01/02/2011	Feb-11	Hypermarkets	4353	29040.8
01/02/2011	Feb-11	Hypermarkets	3677	23088.6
01/02/2011	Feb-11	Hypermarkets	679	4675.16
01/02/2011	Feb-11	Hypermarkets	928	3623.33
01/02/2011	Feb-11	Hypermarkets	886	4748.68
01/02/2011	Feb-11	Hypermarkets	2183	10317.76
01/02/2011	Feb-11	Hypermarkets	3071	13446.07
01/02/2011	Feb-11	Hypermarkets	818	4222.08
01/02/2011	Feb-11	Supermarkets	726	2988.49
01/02/2011	Feb-11	Supermarkets	791	2486.32
01/02/2011	Feb-11	Supermarkets	15457	74310.88
01/02/2011	Feb-11	Supermarkets	527	3426.25
01/02/2011	Feb-11	Supermarkets	2852	16999.52
01/02/2011	Feb-11	Supermarkets	8693	44161.99
01/02/2011	Feb-11	Supermarkets	4454	21486.79
01/02/2011	Feb-11	Supermarkets	478	5557.89
01/02/2011	Feb-11	Supermarkets	475	4953.27
01/02/2011	Feb-11	Supermarkets	347	1686.51
01/02/2011	Feb-11	Supermarkets	715	2658.08
01/02/2011	Feb-11	Supermarkets	1342	7789.14
01/02/2011	Feb-11	Supermarkets	601	3564.4
01/02/2011	Feb-11	Supermarkets	418	1926.73
01/02/2011	Feb-11	Supermarkets	2742	11049.54
01/02/2011	Feb-11	Supermarkets	413	4351.1
01/02/2011	Feb-11	Supermarkets	415	2772.57
01/02/2011	Feb-11	Supermarkets	2135	13133.06
01/02/2011	Feb-11	Supermarkets	1115	5880.59
01/02/2011	Feb-11	Supermarkets	2300	14145.77
01/02/2011	Feb-11	Supermarkets	26261	110763.71
01/02/2011	Feb-11	Supermarkets	6533	28148.22
01/02/2011	Feb-11	Supermarkets	1937	9051.84
01/02/2011	Feb-11	Supermarkets	5394	26645.89
01/02/2011	Feb-11	Supermarkets	376	1978.63
01/02/2011	Feb-11	Supermarkets	1109	9170.94
01/02/2011	Feb-11	Supermarkets	425	3525.61
01/02/2011	Feb-11	Supermarkets	1142	9836.56
01/02/2011	Feb-11	Supermarkets	4196	30503.33
01/02/2011	Feb-11	Supermarkets	1897	12473.76
01/02/2011	Feb-11	Supermarkets	160	1317.86
01/02/2011	Feb-11	Supermarkets	230	1014.77
01/02/2011	Feb-11	Supermarkets	802	4779.88
01/02/2011	Feb-11	Supermarkets	3581	17907.26
01/02/2011	Feb-11	Supermarkets	751	3781.39
01/02/2011	Feb-11	Supermarkets	171	971.73
01/03/2011	Mar-11	Hypermarkets	1719	6319.02
01/03/2011	Mar-11	Hypermarkets	631	1980.03
01/03/2011	Mar-11	Hypermarkets	926	5231.46
01/03/2011	Mar-11	Hypermarkets	497	2937.18
01/03/2011	Mar-11	Hypermarkets	1898	11439.44
01/03/2011	Mar-11	Hypermarkets	6893	32798.55
01/03/2011	Mar-11	Hypermarkets	6940	30386.46
01/03/2011	Mar-11	Hypermarkets	1186	12460.85
01/03/2011	Mar-11	Hypermarkets	690	6582
01/03/2011	Mar-11	Hypermarkets	899	3821.86
01/03/2011	Mar-11	Hypermarkets	1108	3838.77
01/03/2011	Mar-11	Hypermarkets	527	3272.27
01/03/2011	Mar-11	Hypermarkets	1258	6834.01
01/03/2011	Mar-11	Hypermarkets	799	3273.36
01/03/2011	Mar-11	Hypermarkets	4244	14991.48
01/03/2011	Mar-11	Hypermarkets	308	3088.69
01/03/2011	Mar-11	Hypermarkets	203	1312.7
01/03/2011	Mar-11	Hypermarkets	791	4625.4
01/03/2011	Mar-11	Hypermarkets	775	4246.99
01/03/2011	Mar-11	Hypermarkets	4517	25059.09
01/03/2011	Mar-11	Hypermarkets	5512	26315.12
01/03/2011	Mar-11	Hypermarkets	26398	104491.99
01/03/2011	Mar-11	Hypermarkets	2257	9443.16
01/03/2011	Mar-11	Hypermarkets	542	3190.11
01/03/2011	Mar-11	Hypermarkets	1943	9158.18
01/03/2011	Mar-11	Hypermarkets	880	6668.81
01/03/2011	Mar-11	Hypermarkets	434	3345.35
01/03/2011	Mar-11	Hypermarkets	2326	17591.79
01/03/2011	Mar-11	Hypermarkets	4290	29050.48
01/03/2011	Mar-11	Hypermarkets	3965	24621.43
01/03/2011	Mar-11	Hypermarkets	673	4490.85
01/03/2011	Mar-11	Hypermarkets	1780	6339
01/03/2011	Mar-11	Hypermarkets	868	4557.49
01/03/2011	Mar-11	Hypermarkets	3275	14797.33
01/03/2011	Mar-11	Hypermarkets	17963	66731.63
01/03/2011	Mar-11	Hypermarkets	887	4569.8
01/03/2011	Mar-11	Supermarkets	633	2611.46
01/03/2011	Mar-11	Supermarkets	710	2233.55
01/03/2011	Mar-11	Supermarkets	6704	33673.07
01/03/2011	Mar-11	Supermarkets	592	3762.05
01/03/2011	Mar-11	Supermarkets	2829	16857.7
01/03/2011	Mar-11	Supermarkets	6841	34780.54
01/03/2011	Mar-11	Supermarkets	5240	24621.51
01/03/2011	Mar-11	Supermarkets	926	9662.78
01/03/2011	Mar-11	Supermarkets	616	6248.73
01/03/2011	Mar-11	Supermarkets	352	1706.41
01/03/2011	Mar-11	Supermarkets	854	3183.83
01/03/2011	Mar-11	Supermarkets	577	3705.23
01/03/2011	Mar-11	Supermarkets	810	4741.49
01/03/2011	Mar-11	Supermarkets	568	2505.58
01/03/2011	Mar-11	Supermarkets	2543	10244.13
01/03/2011	Mar-11	Supermarkets	575	6006.41
01/03/2011	Mar-11	Supermarkets	352	2339.82
01/03/2011	Mar-11	Supermarkets	1947	12047
01/03/2011	Mar-11	Supermarkets	392	2306.58
01/03/2011	Mar-11	Supermarkets	2582	15789.91
01/03/2011	Mar-11	Supermarkets	11141	53253.58
01/03/2011	Mar-11	Supermarkets	11074	46023.48
01/03/2011	Mar-11	Supermarkets	1561	7227.57
01/03/2011	Mar-11	Supermarkets	5270	27163.35
01/03/2011	Mar-11	Supermarkets	396	2050.83
01/03/2011	Mar-11	Supermarkets	1144	9522.47
01/03/2011	Mar-11	Supermarkets	424	3484.9
01/03/2011	Mar-11	Supermarkets	1180	9854.86
01/03/2011	Mar-11	Supermarkets	3562	26600.54
01/03/2011	Mar-11	Supermarkets	1961	12892.55
01/03/2011	Mar-11	Supermarkets	183	1493.79
01/03/2011	Mar-11	Supermarkets	1127	4100.6
01/03/2011	Mar-11	Supermarkets	936	5416.99
01/03/2011	Mar-11	Supermarkets	4345	21409.4
01/03/2011	Mar-11	Supermarkets	12298	45838.85
01/03/2011	Mar-11	Supermarkets	149	859.53
01/04/2011	Apr-11	Hypermarkets	2103	7635.65
01/04/2011	Apr-11	Hypermarkets	593	1833.69
01/04/2011	Apr-11	Hypermarkets	685	3960.22
01/04/2011	Apr-11	Hypermarkets	440	2606.22
01/04/2011	Apr-11	Hypermarkets	4927	26235.78
01/04/2011	Apr-11	Hypermarkets	5598	26788.06
01/04/2011	Apr-11	Hypermarkets	10080	41449.14
01/04/2011	Apr-11	Hypermarkets	1852	18427.14
01/04/2011	Apr-11	Hypermarkets	649	6210.56
01/04/2011	Apr-11	Hypermarkets	1308	5505.11
01/04/2011	Apr-11	Hypermarkets	1078	3728.41
01/04/2011	Apr-11	Hypermarkets	875	5152.95
01/04/2011	Apr-11	Hypermarkets	980	5306.91
01/04/2011	Apr-11	Hypermarkets	793	3213.42
01/04/2011	Apr-11	Hypermarkets	4112	14733.83
01/04/2011	Apr-11	Hypermarkets	273	2716.9
01/04/2011	Apr-11	Hypermarkets	169	1088.4
01/04/2011	Apr-11	Hypermarkets	757	4441.21
01/04/2011	Apr-11	Hypermarkets	562	3220.21
01/04/2011	Apr-11	Hypermarkets	3443	19296.48
01/04/2011	Apr-11	Hypermarkets	6055	27941.59
01/04/2011	Apr-11	Hypermarkets	43922	169831.14
01/04/2011	Apr-11	Hypermarkets	3414	13552.66
01/04/2011	Apr-11	Hypermarkets	562	3246.19
01/04/2011	Apr-11	Hypermarkets	2260	10700.43
01/04/2011	Apr-11	Hypermarkets	778	5939.93
01/04/2011	Apr-11	Hypermarkets	257	1997.26
01/04/2011	Apr-11	Hypermarkets	2809	20859.73
01/04/2011	Apr-11	Hypermarkets	4427	29714.56
01/04/2011	Apr-11	Hypermarkets	6270	37324.29
01/04/2011	Apr-11	Hypermarkets	803	5417.39
01/04/2011	Apr-11	Hypermarkets	721	2669.08
01/04/2011	Apr-11	Hypermarkets	789	4194.52
01/04/2011	Apr-11	Hypermarkets	2515	11682.91
01/04/2011	Apr-11	Hypermarkets	5896	23032.68
01/04/2011	Apr-11	Hypermarkets	1031	5152.03
01/04/2011	Apr-11	Supermarkets	656	2654.94
01/04/2011	Apr-11	Supermarkets	663	2049.53
01/04/2011	Apr-11	Supermarkets	31449	129115.72
01/04/2011	Apr-11	Supermarkets	472	3005.01
01/04/2011	Apr-11	Supermarkets	3985	22216.87
01/04/2011	Apr-11	Supermarkets	7593	37983.12
01/04/2011	Apr-11	Supermarkets	7784	33935.17
01/04/2011	Apr-11	Supermarkets	697	7490.07
01/04/2011	Apr-11	Supermarkets	708	7183.96
01/04/2011	Apr-11	Supermarkets	383	1795.17
01/04/2011	Apr-11	Supermarkets	664	2470.39
01/04/2011	Apr-11	Supermarkets	881	5181.94
01/04/2011	Apr-11	Supermarkets	735	4334.91
01/04/2011	Apr-11	Supermarkets	546	2297.05
01/04/2011	Apr-11	Supermarkets	2771	10827.63
01/04/2011	Apr-11	Supermarkets	618	6329.43
01/04/2011	Apr-11	Supermarkets	353	2355.3
01/04/2011	Apr-11	Supermarkets	1569	9659.24
01/04/2011	Apr-11	Supermarkets	392	2270.29
01/04/2011	Apr-11	Supermarkets	2318	14100.54
01/04/2011	Apr-11	Supermarkets	67333	256385.79
01/04/2011	Apr-11	Supermarkets	25716	101617
01/04/2011	Apr-11	Supermarkets	2249	9640.38
01/04/2011	Apr-11	Supermarkets	3612	19345.53
01/04/2011	Apr-11	Supermarkets	541	2675.64
01/04/2011	Apr-11	Supermarkets	834	6907.05
01/04/2011	Apr-11	Supermarkets	272	2197.61
01/04/2011	Apr-11	Supermarkets	1705	13627.84
01/04/2011	Apr-11	Supermarkets	4463	31584.51
01/04/2011	Apr-11	Supermarkets	3343	20995.99
01/04/2011	Apr-11	Supermarkets	118	965.53
01/04/2011	Apr-11	Supermarkets	644	2447.73
01/04/2011	Apr-11	Supermarkets	682	3964.62
01/04/2011	Apr-11	Supermarkets	4363	20995.58
01/04/2011	Apr-11	Supermarkets	4691	18155.51
01/04/2011	Apr-11	Supermarkets	239	1353.56
01/05/2011	May-11	Hypermarkets	8416	25649.42
01/05/2011	May-11	Hypermarkets	635	1853.7
01/05/2011	May-11	Hypermarkets	718	4059.34
01/05/2011	May-11	Hypermarkets	785	4273.51
01/05/2011	May-11	Hypermarkets	2777	15386.91
01/05/2011	May-11	Hypermarkets	4457	21211.63
01/05/2011	May-11	Hypermarkets	10965	44794.88
01/05/2011	May-11	Hypermarkets	820	8685.14
01/05/2011	May-11	Hypermarkets	694	6628.7
01/05/2011	May-11	Hypermarkets	1006	4336.26
01/05/2011	May-11	Hypermarkets	883	3090.31
01/05/2011	May-11	Hypermarkets	549	3353.48
01/05/2011	May-11	Hypermarkets	1124	6065.78
01/05/2011	May-11	Hypermarkets	671	2698.71
01/05/2011	May-11	Hypermarkets	2906	10650.91
01/05/2011	May-11	Hypermarkets	105	1067.55
01/05/2011	May-11	Hypermarkets	159	1046.11
01/05/2011	May-11	Hypermarkets	631	3688.18
01/05/2011	May-11	Hypermarkets	630	3571.83
01/05/2011	May-11	Hypermarkets	3184	17870.13
01/05/2011	May-11	Hypermarkets	5911	27782.71
01/05/2011	May-11	Hypermarkets	26189	102991.6
01/05/2011	May-11	Hypermarkets	2188	8745.62
01/05/2011	May-11	Hypermarkets	574	3318.58
01/05/2011	May-11	Hypermarkets	1346	6793.55
01/05/2011	May-11	Hypermarkets	920	6896.68
01/05/2011	May-11	Hypermarkets	96	776.85
01/05/2011	May-11	Hypermarkets	2613	19609.82
01/05/2011	May-11	Hypermarkets	3161	21765.7
01/05/2011	May-11	Hypermarkets	4339	26843.98
01/05/2011	May-11	Hypermarkets	775	5190.15
01/05/2011	May-11	Hypermarkets	478	1901.08
01/05/2011	May-11	Hypermarkets	959	4918.13
01/05/2011	May-11	Hypermarkets	1762	8339.79
01/05/2011	May-11	Hypermarkets	3219	13027.46
01/05/2011	May-11	Hypermarkets	899	4541.25
01/05/2011	May-11	Supermarkets	4924	14924.62
01/05/2011	May-11	Supermarkets	743	2166.52
01/05/2011	May-11	Supermarkets	2684	13386.7
01/05/2011	May-11	Supermarkets	473	2900.13
01/05/2011	May-11	Supermarkets	2315	13940.22
01/05/2011	May-11	Supermarkets	6527	32917.98
01/05/2011	May-11	Supermarkets	6356	27585.06
01/05/2011	May-11	Supermarkets	440	4966.78
01/05/2011	May-11	Supermarkets	582	5985.92
01/05/2011	May-11	Supermarkets	397	1879.12
01/05/2011	May-11	Supermarkets	558	2086.74
01/05/2011	May-11	Supermarkets	546	3393.36
01/05/2011	May-11	Supermarkets	570	3352.58
01/05/2011	May-11	Supermarkets	383	1604.1
01/05/2011	May-11	Supermarkets	1996	7914.63
01/05/2011	May-11	Supermarkets	546	5711.14
01/05/2011	May-11	Supermarkets	257	1711.81
01/05/2011	May-11	Supermarkets	1452	8968.83
01/05/2011	May-11	Supermarkets	277	1679.37
01/05/2011	May-11	Supermarkets	1996	12147.83
01/05/2011	May-11	Supermarkets	31980	129562.29
01/05/2011	May-11	Supermarkets	13060	53898.27
01/05/2011	May-11	Supermarkets	1434	6529.62
01/05/2011	May-11	Supermarkets	1623	9028.81
01/05/2011	May-11	Supermarkets	340	1798.34
01/05/2011	May-11	Supermarkets	944	7798
01/05/2011	May-11	Supermarkets	187	1550.26
01/05/2011	May-11	Supermarkets	1364	11418.36
01/05/2011	May-11	Supermarkets	3483	25639.54
01/05/2011	May-11	Supermarkets	2254	14964.64
01/05/2011	May-11	Supermarkets	166	1355.15
01/05/2011	May-11	Supermarkets	572	2274.86
01/05/2011	May-11	Supermarkets	623	3603.24
01/05/2011	May-11	Supermarkets	3194	15897.18
01/05/2011	May-11	Supermarkets	1633	6698.47
01/05/2011	May-11	Supermarkets	167	967.15
01/06/2011	Jun-11	Hypermarkets	2358	8132.22
01/06/2011	Jun-11	Hypermarkets	677	1974.98
01/06/2011	Jun-11	Hypermarkets	590	3377.59
01/06/2011	Jun-11	Hypermarkets	915	4780.44
01/06/2011	Jun-11	Hypermarkets	3837	20952.3
01/06/2011	Jun-11	Hypermarkets	8597	39078.59
01/06/2011	Jun-11	Hypermarkets	15096	60658.74
01/06/2011	Jun-11	Hypermarkets	1034	10533.91
01/06/2011	Jun-11	Hypermarkets	724	6758.49
01/06/2011	Jun-11	Hypermarkets	977	4318.35
01/06/2011	Jun-11	Hypermarkets	1015	3570.68
01/06/2011	Jun-11	Hypermarkets	698	4214.14
01/06/2011	Jun-11	Hypermarkets	998	5476.8
01/06/2011	Jun-11	Hypermarkets	835	3360.67
01/06/2011	Jun-11	Hypermarkets	2866	10520.37
01/06/2011	Jun-11	Hypermarkets	156	1618.14
01/06/2011	Jun-11	Hypermarkets	161	1060.97
01/06/2011	Jun-11	Hypermarkets	738	4296.23
01/06/2011	Jun-11	Hypermarkets	686	3977.53
01/06/2011	Jun-11	Hypermarkets	3643	20579.76
01/06/2011	Jun-11	Hypermarkets	5586	26352.29
01/06/2011	Jun-11	Hypermarkets	26830	106303.2
01/06/2011	Jun-11	Hypermarkets	3630	14046.57
01/06/2011	Jun-11	Hypermarkets	967	5157.15
01/06/2011	Jun-11	Hypermarkets	1480	7449.63
01/06/2011	Jun-11	Hypermarkets	947	7206.08
01/06/2011	Jun-11	Hypermarkets	91	742.43
01/06/2011	Jun-11	Hypermarkets	3212	24187.53
01/06/2011	Jun-11	Hypermarkets	3340	23175.7
01/06/2011	Jun-11	Hypermarkets	3850	24837.7
01/06/2011	Jun-11	Hypermarkets	896	6133.25
01/06/2011	Jun-11	Hypermarkets	922	3698.24
01/06/2011	Jun-11	Hypermarkets	801	4224.9
01/06/2011	Jun-11	Hypermarkets	2368	10740.02
01/06/2011	Jun-11	Hypermarkets	2390	10392.65
01/06/2011	Jun-11	Hypermarkets	949	4650.74
01/06/2011	Jun-11	Supermarkets	2903	9595.67
01/06/2011	Jun-11	Supermarkets	725	2116.52
01/06/2011	Jun-11	Supermarkets	1364	8180.59
01/06/2011	Jun-11	Supermarkets	829	4618.49
01/06/2011	Jun-11	Supermarkets	2990	17308.36
01/06/2011	Jun-11	Supermarkets	10175	47662.13
01/06/2011	Jun-11	Supermarkets	8119	34348.26
01/06/2011	Jun-11	Supermarkets	460	5120.77
01/06/2011	Jun-11	Supermarkets	574	5989.57
01/06/2011	Jun-11	Supermarkets	369	1749.78
01/06/2011	Jun-11	Supermarkets	535	1999.64
01/06/2011	Jun-11	Supermarkets	541	3434.02
01/06/2011	Jun-11	Supermarkets	718	4265.76
01/06/2011	Jun-11	Supermarkets	487	2051.31
01/06/2011	Jun-11	Supermarkets	1757	7148.81
01/06/2011	Jun-11	Supermarkets	514	5346.74
01/06/2011	Jun-11	Supermarkets	268	1800.49
01/06/2011	Jun-11	Supermarkets	1582	9787.32
01/06/2011	Jun-11	Supermarkets	286	1733.61
01/06/2011	Jun-11	Supermarkets	2179	13417.6
01/06/2011	Jun-11	Supermarkets	30244	122891.56
01/06/2011	Jun-11	Supermarkets	14432	59856.9
01/06/2011	Jun-11	Supermarkets	2119	8820.87
01/06/2011	Jun-11	Supermarkets	662	4001.56
01/06/2011	Jun-11	Supermarkets	377	2001.2
01/06/2011	Jun-11	Supermarkets	1160	9554.88
01/06/2011	Jun-11	Supermarkets	118	1004.77
01/06/2011	Jun-11	Supermarkets	1563	13009.52
01/06/2011	Jun-11	Supermarkets	3867	28566.59
01/06/2011	Jun-11	Supermarkets	2155	14958.49
01/06/2011	Jun-11	Supermarkets	161	1345.98
01/06/2011	Jun-11	Supermarkets	1082	4336.33
01/06/2011	Jun-11	Supermarkets	743	4133.28
01/06/2011	Jun-11	Supermarkets	4183	20040.07
01/06/2011	Jun-11	Supermarkets	916	4342.13
01/06/2011	Jun-11	Supermarkets	146	798.27
01/07/2011	Jul-11	Hypermarkets	1972	7267.96
01/07/2011	Jul-11	Hypermarkets	797	2323.38
01/07/2011	Jul-11	Hypermarkets	910	5091.15
01/07/2011	Jul-11	Hypermarkets	602	3442.25
01/07/2011	Jul-11	Hypermarkets	2831	16345.13
01/07/2011	Jul-11	Hypermarkets	9075	41768.55
01/07/2011	Jul-11	Hypermarkets	8864	37766.13
01/07/2011	Jul-11	Hypermarkets	806	8780.05
01/07/2011	Jul-11	Hypermarkets	713	6884.13
01/07/2011	Jul-11	Hypermarkets	1358	5989.37
01/07/2011	Jul-11	Hypermarkets	1013	3545.1
01/07/2011	Jul-11	Hypermarkets	990	5832.9
01/07/2011	Jul-11	Hypermarkets	1008	5614.72
01/07/2011	Jul-11	Hypermarkets	828	3297.34
01/07/2011	Jul-11	Hypermarkets	3616	13285.96
01/07/2011	Jul-11	Hypermarkets	211	2270.49
01/07/2011	Jul-11	Hypermarkets	180	1172.44
01/07/2011	Jul-11	Hypermarkets	964	5667.5
01/07/2011	Jul-11	Hypermarkets	759	4477.11
01/07/2011	Jul-11	Hypermarkets	3697	21144.52
01/07/2011	Jul-11	Hypermarkets	5035	24580.44
01/07/2011	Jul-11	Hypermarkets	40243	158181.33
01/07/2011	Jul-11	Hypermarkets	2782	11307.71
01/07/2011	Jul-11	Hypermarkets	741	4196.58
01/07/2011	Jul-11	Hypermarkets	1686	8564.57
01/07/2011	Jul-11	Hypermarkets	1096	8316.29
01/07/2011	Jul-11	Hypermarkets	66	532.34
01/07/2011	Jul-11	Hypermarkets	3812	28878.61
01/07/2011	Jul-11	Hypermarkets	3931	27365.33
01/07/2011	Jul-11	Hypermarkets	5750	35765.72
01/07/2011	Jul-11	Hypermarkets	920	6311.16
01/07/2011	Jul-11	Hypermarkets	1045	4208.14
01/07/2011	Jul-11	Hypermarkets	1114	5789.45
01/07/2011	Jul-11	Hypermarkets	1946	9366.45
01/07/2011	Jul-11	Hypermarkets	3025	13145.77
01/07/2011	Jul-11	Hypermarkets	1168	5792.43
01/07/2011	Jul-11	Supermarkets	2308	7693.83
01/07/2011	Jul-11	Supermarkets	821	2390.98
01/07/2011	Jul-11	Supermarkets	1786	10557.06
01/07/2011	Jul-11	Supermarkets	614	3769.32
01/07/2011	Jul-11	Supermarkets	4871	26780.12
01/07/2011	Jul-11	Supermarkets	11293	53514.7
01/07/2011	Jul-11	Supermarkets	5583	25426.8
01/07/2011	Jul-11	Supermarkets	433	5056.25
01/07/2011	Jul-11	Supermarkets	601	6308.19
01/07/2011	Jul-11	Supermarkets	493	2313.66
01/07/2011	Jul-11	Supermarkets	725	2710.78
01/07/2011	Jul-11	Supermarkets	955	5570.08
01/07/2011	Jul-11	Supermarkets	754	4410.43
01/07/2011	Jul-11	Supermarkets	440	1833.26
01/07/2011	Jul-11	Supermarkets	2303	9102.67
01/07/2011	Jul-11	Supermarkets	524	5538.63
01/07/2011	Jul-11	Supermarkets	283	1925.26
01/07/2011	Jul-11	Supermarkets	1698	10418.63
01/07/2011	Jul-11	Supermarkets	268	1651.29
01/07/2011	Jul-11	Supermarkets	2033	12908.57
01/07/2011	Jul-11	Supermarkets	10031	46780.51
01/07/2011	Jul-11	Supermarkets	26657	106759.1
01/07/2011	Jul-11	Supermarkets	1723	7520.48
01/07/2011	Jul-11	Supermarkets	583	3680.16
01/07/2011	Jul-11	Supermarkets	487	2533.59
01/07/2011	Jul-11	Supermarkets	1078	8816.78
01/07/2011	Jul-11	Supermarkets	73	614.51
01/07/2011	Jul-11	Supermarkets	1774	14817.9
01/07/2011	Jul-11	Supermarkets	3974	29760.66
01/07/2011	Jul-11	Supermarkets	2136	14982.32
01/07/2011	Jul-11	Supermarkets	169	1405.04
01/07/2011	Jul-11	Supermarkets	1774	6836.76
01/07/2011	Jul-11	Supermarkets	28406	114070.22
01/07/2011	Jul-11	Supermarkets	3646	18295.73
01/07/2011	Jul-11	Supermarkets	1003	4727.06
01/07/2011	Jul-11	Supermarkets	165	894.57
01/08/2011	Aug-11	Hypermarkets	1934	7090.99
01/08/2011	Aug-11	Hypermarkets	781	2281.01
01/08/2011	Aug-11	Hypermarkets	951	5172.61
01/08/2011	Aug-11	Hypermarkets	428	2428.67
01/08/2011	Aug-11	Hypermarkets	2522	14590.23
01/08/2011	Aug-11	Hypermarkets	5543	26577.59
01/08/2011	Aug-11	Hypermarkets	11402	47427.67
01/08/2011	Aug-11	Hypermarkets	847	8998.27
01/08/2011	Aug-11	Hypermarkets	664	6476.8
01/08/2011	Aug-11	Hypermarkets	1140	5051.68
01/08/2011	Aug-11	Hypermarkets	964	3427.75
01/08/2011	Aug-11	Hypermarkets	971	5645.21
01/08/2011	Aug-11	Hypermarkets	951	5417.15
01/08/2011	Aug-11	Hypermarkets	710	2874.79
01/08/2011	Aug-11	Hypermarkets	3082	11344.17
01/08/2011	Aug-11	Hypermarkets	391	3831.19
01/08/2011	Aug-11	Hypermarkets	166	1086.78
01/08/2011	Aug-11	Hypermarkets	763	4522.55
01/08/2011	Aug-11	Hypermarkets	239	1439.58
01/08/2011	Aug-11	Hypermarkets	2545	14940.61
01/08/2011	Aug-11	Hypermarkets	6236	29918.72
01/08/2011	Aug-11	Hypermarkets	31661	125251.13
01/08/2011	Aug-11	Hypermarkets	2873	11437.13
01/08/2011	Aug-11	Hypermarkets	706	4003.26
01/08/2011	Aug-11	Hypermarkets	1938	9556.71
01/08/2011	Aug-11	Hypermarkets	910	6901.12
01/08/2011	Aug-11	Hypermarkets	22	176.36
01/08/2011	Aug-11	Hypermarkets	3167	23961.8
01/08/2011	Aug-11	Hypermarkets	8879	55638.12
01/08/2011	Aug-11	Hypermarkets	3597	23454.15
01/08/2011	Aug-11	Hypermarkets	807	5407.82
01/08/2011	Aug-11	Hypermarkets	611	2441.33
01/08/2011	Aug-11	Hypermarkets	1115	5731.99
01/08/2011	Aug-11	Hypermarkets	1960	9467.08
01/08/2011	Aug-11	Hypermarkets	3299	14087.27
01/08/2011	Aug-11	Hypermarkets	1123	5537.52
01/08/2011	Aug-11	Supermarkets	1293	4581.96
01/08/2011	Aug-11	Supermarkets	768	2240.71
01/08/2011	Aug-11	Supermarkets	20130	82671.65
01/08/2011	Aug-11	Supermarkets	347	2156.51
01/08/2011	Aug-11	Supermarkets	2966	17411.3
01/08/2011	Aug-11	Supermarkets	9370	45498.95
01/08/2011	Aug-11	Supermarkets	5975	27124.82
01/08/2011	Aug-11	Supermarkets	375	4317.08
01/08/2011	Aug-11	Supermarkets	512	5333.67
01/08/2011	Aug-11	Supermarkets	444	2076.09
01/08/2011	Aug-11	Supermarkets	545	2055.12
01/08/2011	Aug-11	Supermarkets	963	5518.34
01/08/2011	Aug-11	Supermarkets	823	4807.76
01/08/2011	Aug-11	Supermarkets	439	1836.63
01/08/2011	Aug-11	Supermarkets	2362	9274.07
01/08/2011	Aug-11	Supermarkets	699	7182.42
01/08/2011	Aug-11	Supermarkets	233	1596.33
01/08/2011	Aug-11	Supermarkets	1598	9856.38
01/08/2011	Aug-11	Supermarkets	149	930.15
01/08/2011	Aug-11	Supermarkets	1801	11564.61
01/08/2011	Aug-11	Supermarkets	6326	31772.62
01/08/2011	Aug-11	Supermarkets	20047	81466.89
01/08/2011	Aug-11	Supermarkets	1566	6945.28
01/08/2011	Aug-11	Supermarkets	704	4466.48
01/08/2011	Aug-11	Supermarkets	386	1997.19
01/08/2011	Aug-11	Supermarkets	940	7796.37
01/08/2011	Aug-11	Supermarkets	52	441.45
01/08/2011	Aug-11	Supermarkets	1330	11128.97
01/08/2011	Aug-11	Supermarkets	7340	48481.36
01/08/2011	Aug-11	Supermarkets	1824	12786.57
01/08/2011	Aug-11	Supermarkets	100	836.42
01/08/2011	Aug-11	Supermarkets	790	3127.01
01/08/2011	Aug-11	Supermarkets	7363	30590.83
01/08/2011	Aug-11	Supermarkets	3616	18218.73
01/08/2011	Aug-11	Supermarkets	1454	6125.71
01/08/2011	Aug-11	Supermarkets	140	727.93
01/09/2011	Sep-11	Hypermarkets	1582	5803.04
01/09/2011	Sep-11	Hypermarkets	621	1787.22
01/09/2011	Sep-11	Hypermarkets	778	4223.79
01/09/2011	Sep-11	Hypermarkets	443	2626.19
01/09/2011	Sep-11	Hypermarkets	3100	17513.75
01/09/2011	Sep-11	Hypermarkets	6665	30489.07
01/09/2011	Sep-11	Hypermarkets	28461	111065.53
01/09/2011	Sep-11	Hypermarkets	770	8090.32
01/09/2011	Sep-11	Hypermarkets	650	6313.23
01/09/2011	Sep-11	Hypermarkets	899	4067.12
01/09/2011	Sep-11	Hypermarkets	908	3183.2
01/09/2011	Sep-11	Hypermarkets	902	5451.59
01/09/2011	Sep-11	Hypermarkets	1023	5704.58
01/09/2011	Sep-11	Hypermarkets	604	2449.31
01/09/2011	Sep-11	Hypermarkets	3095	11374.55
01/09/2011	Sep-11	Hypermarkets	532	5152.86
01/09/2011	Sep-11	Hypermarkets	167	1084.27
01/09/2011	Sep-11	Hypermarkets	592	3489.34
01/09/2011	Sep-11	Hypermarkets	156	963.1
01/09/2011	Sep-11	Hypermarkets	2093	12426.7
01/09/2011	Sep-11	Hypermarkets	6300	30327.24
01/09/2011	Sep-11	Hypermarkets	19143	77309.97
01/09/2011	Sep-11	Hypermarkets	3605	14128.58
01/09/2011	Sep-11	Hypermarkets	802	4557.17
01/09/2011	Sep-11	Hypermarkets	1909	9306.68
01/09/2011	Sep-11	Hypermarkets	1217	9047.12
01/09/2011	Sep-11	Hypermarkets	32	263.84
01/09/2011	Sep-11	Hypermarkets	3293	25034.44
01/09/2011	Sep-11	Hypermarkets	3875	26157.83
01/09/2011	Sep-11	Hypermarkets	5489	34618.5
01/09/2011	Sep-11	Hypermarkets	866	5786.64
01/09/2011	Sep-11	Hypermarkets	1274	4757.85
01/09/2011	Sep-11	Hypermarkets	935	4902.07
01/09/2011	Sep-11	Hypermarkets	2513	11125.15
01/09/2011	Sep-11	Hypermarkets	3178	12915
01/09/2011	Sep-11	Hypermarkets	883	4420.68
01/09/2011	Sep-11	Supermarkets	851	3271.44
01/09/2011	Sep-11	Supermarkets	676	1951.48
01/09/2011	Sep-11	Supermarkets	35654	144737.44
01/09/2011	Sep-11	Supermarkets	331	2069.89
01/09/2011	Sep-11	Supermarkets	2684	15828.71
01/09/2011	Sep-11	Supermarkets	9634	45718.87
01/09/2011	Sep-11	Supermarkets	17164	68844.54
01/09/2011	Sep-11	Supermarkets	451	5051.16
01/09/2011	Sep-11	Supermarkets	694	7297.34
01/09/2011	Sep-11	Supermarkets	389	1903.42
01/09/2011	Sep-11	Supermarkets	587	2200.52
01/09/2011	Sep-11	Supermarkets	715	4330.61
01/09/2011	Sep-11	Supermarkets	696	4153.38
01/09/2011	Sep-11	Supermarkets	469	1967.56
01/09/2011	Sep-11	Supermarkets	2080	8114.66
01/09/2011	Sep-11	Supermarkets	720	7374.47
01/09/2011	Sep-11	Supermarkets	272	1864.9
01/09/2011	Sep-11	Supermarkets	1650	10292.06
01/09/2011	Sep-11	Supermarkets	101	638.14
01/09/2011	Sep-11	Supermarkets	1550	9702.85
01/09/2011	Sep-11	Supermarkets	6455	32760.23
01/09/2011	Sep-11	Supermarkets	11810	49776.35
01/09/2011	Sep-11	Supermarkets	1749	7460.4
01/09/2011	Sep-11	Supermarkets	586	3707.13
01/09/2011	Sep-11	Supermarkets	399	2049.36
01/09/2011	Sep-11	Supermarkets	918	7412.2
01/09/2011	Sep-11	Supermarkets	25	219.65
01/09/2011	Sep-11	Supermarkets	1400	11824.13
01/09/2011	Sep-11	Supermarkets	4582	32812.18
01/09/2011	Sep-11	Supermarkets	2359	15994.83
01/09/2011	Sep-11	Supermarkets	101	848.78
01/09/2011	Sep-11	Supermarkets	1218	4431.57
01/09/2011	Sep-11	Supermarkets	745	4322.51
01/09/2011	Sep-11	Supermarkets	4106	20081.73
01/09/2011	Sep-11	Supermarkets	1056	4465.88
01/09/2011	Sep-11	Supermarkets	130	693.58
01/10/2011	Oct-11	Hypermarkets	5532	16739.64
01/10/2011	Oct-11	Hypermarkets	986	2690.21
01/10/2011	Oct-11	Hypermarkets	859	4767.57
01/10/2011	Oct-11	Hypermarkets	414	2440.49
01/10/2011	Oct-11	Hypermarkets	2450	14411.37
01/10/2011	Oct-11	Hypermarkets	7649	35249.89
01/10/2011	Oct-11	Hypermarkets	20831	80780.61
01/10/2011	Oct-11	Hypermarkets	730	7745.98
01/10/2011	Oct-11	Hypermarkets	1480	12835.37
01/10/2011	Oct-11	Hypermarkets	883	4045.87
01/10/2011	Oct-11	Hypermarkets	970	3491.05
01/10/2011	Oct-11	Hypermarkets	653	4109.02
01/10/2011	Oct-11	Hypermarkets	1229	6859.2
01/10/2011	Oct-11	Hypermarkets	878	3543.55
01/10/2011	Oct-11	Hypermarkets	3717	13349.73
01/10/2011	Oct-11	Hypermarkets	455	4478.43
01/10/2011	Oct-11	Hypermarkets	193	1261.47
01/10/2011	Oct-11	Hypermarkets	836	4952.91
01/10/2011	Oct-11	Hypermarkets	376	2239.11
01/10/2011	Oct-11	Hypermarkets	3620	20843.58
01/10/2011	Oct-11	Hypermarkets	5655	27457.58
01/10/2011	Oct-11	Hypermarkets	26723	106102.3
01/10/2011	Oct-11	Hypermarkets	2884	11588.64
01/10/2011	Oct-11	Hypermarkets	744	4217.76
01/10/2011	Oct-11	Hypermarkets	1818	9077.34
01/10/2011	Oct-11	Hypermarkets	1231	9326.84
01/10/2011	Oct-11	Hypermarkets	462	3514.61
01/10/2011	Oct-11	Hypermarkets	3034	23262.42
01/10/2011	Oct-11	Hypermarkets	3709	25730.76
01/10/2011	Oct-11	Hypermarkets	5241	33226.85
01/10/2011	Oct-11	Hypermarkets	919	6193.02
01/10/2011	Oct-11	Hypermarkets	973	3820.59
01/10/2011	Oct-11	Hypermarkets	976	5081.58
01/10/2011	Oct-11	Hypermarkets	2355	10659.53
01/10/2011	Oct-11	Hypermarkets	24130	88742.66
01/10/2011	Oct-11	Hypermarkets	1565	7611.39
01/10/2011	Oct-11	Supermarkets	4046	12242.74
01/10/2011	Oct-11	Supermarkets	1019	2779.88
01/10/2011	Oct-11	Supermarkets	9016	39172.9
01/10/2011	Oct-11	Supermarkets	442	2813.76
01/10/2011	Oct-11	Supermarkets	2578	15390.95
01/10/2011	Oct-11	Supermarkets	11641	55495.67
01/10/2011	Oct-11	Supermarkets	12600	51687.27
01/10/2011	Oct-11	Supermarkets	506	5632.43
01/10/2011	Oct-11	Supermarkets	1091	10721.2
01/10/2011	Oct-11	Supermarkets	525	2629.01
01/10/2011	Oct-11	Supermarkets	695	2535.29
01/10/2011	Oct-11	Supermarkets	373	2419.24
01/10/2011	Oct-11	Supermarkets	892	5393.88
01/10/2011	Oct-11	Supermarkets	613	2601.13
01/10/2011	Oct-11	Supermarkets	2069	7980.32
01/10/2011	Oct-11	Supermarkets	682	7069.55
01/10/2011	Oct-11	Supermarkets	352	2413.65
01/10/2011	Oct-11	Supermarkets	1706	10740.02
01/10/2011	Oct-11	Supermarkets	118	735.79
01/10/2011	Oct-11	Supermarkets	2024	12344.29
01/10/2011	Oct-11	Supermarkets	8162	40904.6
01/10/2011	Oct-11	Supermarkets	14394	59348.42
01/10/2011	Oct-11	Supermarkets	1252	5618.57
01/10/2011	Oct-11	Supermarkets	673	4245.15
01/10/2011	Oct-11	Supermarkets	350	1961.05
01/10/2011	Oct-11	Supermarkets	1061	8734.3
01/10/2011	Oct-11	Supermarkets	130	1110.68
01/10/2011	Oct-11	Supermarkets	1532	12804.87
01/10/2011	Oct-11	Supermarkets	4490	33324.39
01/10/2011	Oct-11	Supermarkets	2569	17282.19
01/10/2011	Oct-11	Supermarkets	121	998.33
01/10/2011	Oct-11	Supermarkets	1278	5036.5
01/10/2011	Oct-11	Supermarkets	819	4836.35
01/10/2011	Oct-11	Supermarkets	3935	19326.91
01/10/2011	Oct-11	Supermarkets	10463	38726.41
01/10/2011	Oct-11	Supermarkets	324	1782.38
01/11/2011	Nov-11	Hypermarkets	4537	14026.92
01/11/2011	Nov-11	Hypermarkets	1098	2998.54
01/11/2011	Nov-11	Hypermarkets	794	4512.54
01/11/2011	Nov-11	Hypermarkets	366	2126.69
01/11/2011	Nov-11	Hypermarkets	3940	21483.66
01/11/2011	Nov-11	Hypermarkets	4427	21251.06
01/11/2011	Nov-11	Hypermarkets	50548	185659.01
01/11/2011	Nov-11	Hypermarkets	994	10153.15
01/11/2011	Nov-11	Hypermarkets	1124	10031.79
01/11/2011	Nov-11	Hypermarkets	1073	5013.59
01/11/2011	Nov-11	Hypermarkets	959	3472.34
01/11/2011	Nov-11	Hypermarkets	600	3797.91
01/11/2011	Nov-11	Hypermarkets	1459	8002.24
01/11/2011	Nov-11	Hypermarkets	890	3584.06
01/11/2011	Nov-11	Hypermarkets	5585	18778.44
01/11/2011	Nov-11	Hypermarkets	322	3174.94
01/11/2011	Nov-11	Hypermarkets	214	1399.11
01/11/2011	Nov-11	Hypermarkets	796	4728.53
01/11/2011	Nov-11	Hypermarkets	590	3466.86
01/11/2011	Nov-11	Hypermarkets	3371	19834.79
01/11/2011	Nov-11	Hypermarkets	6024	28915.15
01/11/2011	Nov-11	Hypermarkets	26924	105421.3
01/11/2011	Nov-11	Hypermarkets	1990	8429.43
01/11/2011	Nov-11	Hypermarkets	565	3197.93
01/11/2011	Nov-11	Hypermarkets	5003	22435.22
01/11/2011	Nov-11	Hypermarkets	1185	8974.56
01/11/2011	Nov-11	Hypermarkets	685	5284.94
01/11/2011	Nov-11	Hypermarkets	2669	20521.34
01/11/2011	Nov-11	Hypermarkets	4061	27705.15
01/11/2011	Nov-11	Hypermarkets	6587	40429.41
01/11/2011	Nov-11	Hypermarkets	948	6467.83
01/11/2011	Nov-11	Hypermarkets	1007	4050.76
01/11/2011	Nov-11	Hypermarkets	1082	5665.59
01/11/2011	Nov-11	Hypermarkets	3182	14622
01/11/2011	Nov-11	Hypermarkets	4118	17394.84
01/11/2011	Nov-11	Hypermarkets	2249	10808.33
01/11/2011	Nov-11	Supermarkets	3757	12041.76
01/11/2011	Nov-11	Supermarkets	1083	2955.77
01/11/2011	Nov-11	Supermarkets	5533	25100.96
01/11/2011	Nov-11	Supermarkets	435	2789.22
01/11/2011	Nov-11	Supermarkets	2755	16644
01/11/2011	Nov-11	Supermarkets	15319	71120.47
01/11/2011	Nov-11	Supermarkets	28388	106509.7
01/11/2011	Nov-11	Supermarkets	454	4961.17
01/11/2011	Nov-11	Supermarkets	989	9962.3
01/11/2011	Nov-11	Supermarkets	428	2143.4
01/11/2011	Nov-11	Supermarkets	632	2272.47
01/11/2011	Nov-11	Supermarkets	331	2166.04
01/11/2011	Nov-11	Supermarkets	1123	6638.99
01/11/2011	Nov-11	Supermarkets	610	2560.55
01/11/2011	Nov-11	Supermarkets	2586	9303.79
01/11/2011	Nov-11	Supermarkets	473	5105.25
01/11/2011	Nov-11	Supermarkets	284	1961.32
01/11/2011	Nov-11	Supermarkets	1667	10565.65
01/11/2011	Nov-11	Supermarkets	175	1045.87
01/11/2011	Nov-11	Supermarkets	1631	10322.92
01/11/2011	Nov-11	Supermarkets	14596	65957.55
01/11/2011	Nov-11	Supermarkets	12949	54274.23
01/11/2011	Nov-11	Supermarkets	1154	5423.3
01/11/2011	Nov-11	Supermarkets	575	3588.78
01/11/2011	Nov-11	Supermarkets	350	1935.86
01/11/2011	Nov-11	Supermarkets	948	7853.55
01/11/2011	Nov-11	Supermarkets	183	1575.12
01/11/2011	Nov-11	Supermarkets	2053	16657.23
01/11/2011	Nov-11	Supermarkets	5396	38464.08
01/11/2011	Nov-11	Supermarkets	2411	16461.65
01/11/2011	Nov-11	Supermarkets	132	1083.92
01/11/2011	Nov-11	Supermarkets	1108	4498.95
01/11/2011	Nov-11	Supermarkets	746	4416.99
01/11/2011	Nov-11	Supermarkets	3998	19834.48
01/11/2011	Nov-11	Supermarkets	1904	8561.04
01/11/2011	Nov-11	Supermarkets	989	5091.62
01/12/2011	Dec-11	Hypermarkets	2630	9267.24
01/12/2011	Dec-11	Hypermarkets	1489	3835.44
01/12/2011	Dec-11	Hypermarkets	937	5461.03
01/12/2011	Dec-11	Hypermarkets	907	5300.67
01/12/2011	Dec-11	Hypermarkets	13754	70120.37
01/12/2011	Dec-11	Hypermarkets	5912	28397.77
01/12/2011	Dec-11	Hypermarkets	64176	231367.28
01/12/2011	Dec-11	Hypermarkets	3131	29576.72
01/12/2011	Dec-11	Hypermarkets	1697	15372.41
01/12/2011	Dec-11	Hypermarkets	1331	6244.8
01/12/2011	Dec-11	Hypermarkets	1295	4621.03
01/12/2011	Dec-11	Hypermarkets	1211	7408.02
01/12/2011	Dec-11	Hypermarkets	2537	13517.23
01/12/2011	Dec-11	Hypermarkets	1375	5459.16
01/12/2011	Dec-11	Hypermarkets	5435	19423.41
01/12/2011	Dec-11	Hypermarkets	451	4446.41
01/12/2011	Dec-11	Hypermarkets	365	2371.11
01/12/2011	Dec-11	Hypermarkets	1409	8438.04
01/12/2011	Dec-11	Hypermarkets	974	5583.7
01/12/2011	Dec-11	Hypermarkets	5924	34786.17
01/12/2011	Dec-11	Hypermarkets	8944	42639.81
01/12/2011	Dec-11	Hypermarkets	76010	287063.07
01/12/2011	Dec-11	Hypermarkets	3177	13114.95
01/12/2011	Dec-11	Hypermarkets	831	4872.85
01/12/2011	Dec-11	Hypermarkets	4609	21441.13
01/12/2011	Dec-11	Hypermarkets	2109	16141.44
01/12/2011	Dec-11	Hypermarkets	1009	7810.9
01/12/2011	Dec-11	Hypermarkets	7151	51676.52
01/12/2011	Dec-11	Hypermarkets	9696	63384.57
01/12/2011	Dec-11	Hypermarkets	14036	81221.46
01/12/2011	Dec-11	Hypermarkets	1532	10010.86
01/12/2011	Dec-11	Hypermarkets	1637	6644.39
01/12/2011	Dec-11	Hypermarkets	1618	8632.96
01/12/2011	Dec-11	Hypermarkets	3691	17046.86
01/12/2011	Dec-11	Hypermarkets	4973	21508.47
01/12/2011	Dec-11	Hypermarkets	1853	9767.58
01/12/2011	Dec-11	Supermarkets	1732	6065.26
01/12/2011	Dec-11	Supermarkets	1040	2813.19
01/12/2011	Dec-11	Supermarkets	14491	61606.88
01/12/2011	Dec-11	Supermarkets	643	4007.63
01/12/2011	Dec-11	Supermarkets	7283	39590.28
01/12/2011	Dec-11	Supermarkets	60770	249024.08
01/12/2011	Dec-11	Supermarkets	36071	135689.33
01/12/2011	Dec-11	Supermarkets	1448	14303.55
01/12/2011	Dec-11	Supermarkets	1260	12653.73
01/12/2011	Dec-11	Supermarkets	505	2496.93
01/12/2011	Dec-11	Supermarkets	718	2656.65
01/12/2011	Dec-11	Supermarkets	571	3609.59
01/12/2011	Dec-11	Supermarkets	1829	10095.17
01/12/2011	Dec-11	Supermarkets	694	2935.03
01/12/2011	Dec-11	Supermarkets	2659	10007.95
01/12/2011	Dec-11	Supermarkets	669	6977.38
01/12/2011	Dec-11	Supermarkets	413	2812.56
01/12/2011	Dec-11	Supermarkets	18937	79473.4
01/12/2011	Dec-11	Supermarkets	273	1598.71
01/12/2011	Dec-11	Supermarkets	2679	16966.87
01/12/2011	Dec-11	Supermarkets	12431	59578.24
01/12/2011	Dec-11	Supermarkets	55192	206058.51
01/12/2011	Dec-11	Supermarkets	1420	6545.14
01/12/2011	Dec-11	Supermarkets	2954	15144.31
01/12/2011	Dec-11	Supermarkets	604	2969.55
01/12/2011	Dec-11	Supermarkets	2081	16054.2
01/12/2011	Dec-11	Supermarkets	467	3925.66
01/12/2011	Dec-11	Supermarkets	3368	26635.96
01/12/2011	Dec-11	Supermarkets	8249	57099.42
01/12/2011	Dec-11	Supermarkets	7344	44546.49
01/12/2011	Dec-11	Supermarkets	252	2106.39
01/12/2011	Dec-11	Supermarkets	2487	10158.23
01/12/2011	Dec-11	Supermarkets	940	5491.06
01/12/2011	Dec-11	Supermarkets	5170	25382.36
01/12/2011	Dec-11	Supermarkets	1685	7733.55
01/12/2011	Dec-11	Supermarkets	1141	6166.32
01/01/2012	Jan-12	Hypermarkets	1943	7105.36
01/01/2012	Jan-12	Hypermarkets	1217	3440.81
01/01/2012	Jan-12	Hypermarkets	454	2628.81
01/01/2012	Jan-12	Hypermarkets	473	2712.68
01/01/2012	Jan-12	Hypermarkets	3328	18916.36
01/01/2012	Jan-12	Hypermarkets	4963	24097.65
01/01/2012	Jan-12	Hypermarkets	19509	75263.5
01/01/2012	Jan-12	Hypermarkets	667	6953.62
01/01/2012	Jan-12	Hypermarkets	1000	9365.49
01/01/2012	Jan-12	Hypermarkets	953	4481.08
01/01/2012	Jan-12	Hypermarkets	940	3364.49
01/01/2012	Jan-12	Hypermarkets	718	4469.45
01/01/2012	Jan-12	Hypermarkets	1089	6255.59
01/01/2012	Jan-12	Hypermarkets	1110	4405.64
01/01/2012	Jan-12	Hypermarkets	4274	15371.69
01/01/2012	Jan-12	Hypermarkets	227	2323.86
01/01/2012	Jan-12	Hypermarkets	148	958.78
01/01/2012	Jan-12	Hypermarkets	1331	7621.16
01/01/2012	Jan-12	Hypermarkets	560	3221.01
01/01/2012	Jan-12	Hypermarkets	3019	17902.73
01/01/2012	Jan-12	Hypermarkets	6162	30418.94
01/01/2012	Jan-12	Hypermarkets	19510	78896.21
01/01/2012	Jan-12	Hypermarkets	2146	9014.19
01/01/2012	Jan-12	Hypermarkets	635	3635.92
01/01/2012	Jan-12	Hypermarkets	2543	12029.09
01/01/2012	Jan-12	Hypermarkets	1150	8598.36
01/01/2012	Jan-12	Hypermarkets	616	4742.28
01/01/2012	Jan-12	Hypermarkets	2461	18462.16
01/01/2012	Jan-12	Hypermarkets	10500	65709.07
01/01/2012	Jan-12	Hypermarkets	5732	34686.61
01/01/2012	Jan-12	Hypermarkets	981	6532.4
01/01/2012	Jan-12	Hypermarkets	1110	4570.25
01/01/2012	Jan-12	Hypermarkets	1108	5803.99
01/01/2012	Jan-12	Hypermarkets	6124	27055.53
01/01/2012	Jan-12	Hypermarkets	4766	19862.71
01/01/2012	Jan-12	Hypermarkets	668	3598.28
01/01/2012	Jan-12	Supermarkets	1102	4186.82
01/01/2012	Jan-12	Supermarkets	1069	2930.24
01/01/2012	Jan-12	Supermarkets	4058	19289.33
01/01/2012	Jan-12	Supermarkets	341	2193.88
01/01/2012	Jan-12	Supermarkets	1850	11278.52
01/01/2012	Jan-12	Supermarkets	15122	66488.86
01/01/2012	Jan-12	Supermarkets	13765	55522.71
01/01/2012	Jan-12	Supermarkets	338	3844.73
01/01/2012	Jan-12	Supermarkets	796	8173.36
01/01/2012	Jan-12	Supermarkets	334	1735.91
01/01/2012	Jan-12	Supermarkets	454	1689.33
01/01/2012	Jan-12	Supermarkets	321	2104.69
01/01/2012	Jan-12	Supermarkets	799	4836.27
01/01/2012	Jan-12	Supermarkets	503	2128.36
01/01/2012	Jan-12	Supermarkets	2254	8510.52
01/01/2012	Jan-12	Supermarkets	308	3353.01
01/01/2012	Jan-12	Supermarkets	257	1754.22
01/01/2012	Jan-12	Supermarkets	51985	210025.16
01/01/2012	Jan-12	Supermarkets	188	1111.36
01/01/2012	Jan-12	Supermarkets	1513	9549.24
01/01/2012	Jan-12	Supermarkets	7041	36261.49
01/01/2012	Jan-12	Supermarkets	11843	49783.34
01/01/2012	Jan-12	Supermarkets	1152	5391.81
01/01/2012	Jan-12	Supermarkets	9270	44625.71
01/01/2012	Jan-12	Supermarkets	413	2056.12
01/01/2012	Jan-12	Supermarkets	5309	36278.05
01/01/2012	Jan-12	Supermarkets	212	1813.8
01/01/2012	Jan-12	Supermarkets	1174	9719.01
01/01/2012	Jan-12	Supermarkets	7760	50492.92
01/01/2012	Jan-12	Supermarkets	2705	17571.06
01/01/2012	Jan-12	Supermarkets	142	1206.71
01/01/2012	Jan-12	Supermarkets	1235	5157.62
01/01/2012	Jan-12	Supermarkets	5306	22102.69
01/01/2012	Jan-12	Supermarkets	7027	32720.76
01/01/2012	Jan-12	Supermarkets	802	3956.72
01/01/2012	Jan-12	Supermarkets	518	2850.49
01/02/2012	Feb-12	Hypermarkets	2224	8234
01/02/2012	Feb-12	Hypermarkets	1382	3918.16
01/02/2012	Feb-12	Hypermarkets	431	2500.42
01/02/2012	Feb-12	Hypermarkets	335	1992.45
01/02/2012	Feb-12	Hypermarkets	2527	14872.91
01/02/2012	Feb-12	Hypermarkets	7494	35520.3
01/02/2012	Feb-12	Hypermarkets	9690	41702.79
01/02/2012	Feb-12	Hypermarkets	494	5374.06
01/02/2012	Feb-12	Hypermarkets	738	7236.9
01/02/2012	Feb-12	Hypermarkets	874	4147.5
01/02/2012	Feb-12	Hypermarkets	984	3458.56
01/02/2012	Feb-12	Hypermarkets	602	3779.01
01/02/2012	Feb-12	Hypermarkets	987	5770.87
01/02/2012	Feb-12	Hypermarkets	946	3763.44
01/02/2012	Feb-12	Hypermarkets	3869	14105.46
01/02/2012	Feb-12	Hypermarkets	287	2970.54
01/02/2012	Feb-12	Hypermarkets	208	1395.22
01/02/2012	Feb-12	Hypermarkets	839	4958.31
01/02/2012	Feb-12	Hypermarkets	476	2748.1
01/02/2012	Feb-12	Hypermarkets	2552	15374.51
01/02/2012	Feb-12	Hypermarkets	6629	32676.96
01/02/2012	Feb-12	Hypermarkets	21785	89749.74
01/02/2012	Feb-12	Hypermarkets	1952	8336.31
01/02/2012	Feb-12	Hypermarkets	607	3502.1
01/02/2012	Feb-12	Hypermarkets	2291	11353.78
01/02/2012	Feb-12	Hypermarkets	1503	11484.71
01/02/2012	Feb-12	Hypermarkets	478	3740.84
01/02/2012	Feb-12	Hypermarkets	1907	14682.01
01/02/2012	Feb-12	Hypermarkets	6372	41835.71
01/02/2012	Feb-12	Hypermarkets	4889	31317.47
01/02/2012	Feb-12	Hypermarkets	769	5193.46
01/02/2012	Feb-12	Hypermarkets	944	3901.92
01/02/2012	Feb-12	Hypermarkets	1208	6367.31
01/02/2012	Feb-12	Hypermarkets	4352	19963.55
01/02/2012	Feb-12	Hypermarkets	4454	19504.38
01/02/2012	Feb-12	Hypermarkets	779	4015.9
01/02/2012	Feb-12	Supermarkets	1120	4213.66
01/02/2012	Feb-12	Supermarkets	1202	3295.94
01/02/2012	Feb-12	Supermarkets	5477	24554.47
01/02/2012	Feb-12	Supermarkets	328	2103.26
01/02/2012	Feb-12	Supermarkets	1928	12007.64
01/02/2012	Feb-12	Supermarkets	11378	53916.46
01/02/2012	Feb-12	Supermarkets	12067	50624.37
01/02/2012	Feb-12	Supermarkets	407	4658
01/02/2012	Feb-12	Supermarkets	802	8475.46
01/02/2012	Feb-12	Supermarkets	405	2123.39
01/02/2012	Feb-12	Supermarkets	718	2695.49
01/02/2012	Feb-12	Supermarkets	364	2409.2
01/02/2012	Feb-12	Supermarkets	948	5832.14
01/02/2012	Feb-12	Supermarkets	622	2639.54
01/02/2012	Feb-12	Supermarkets	2113	8225.94
01/02/2012	Feb-12	Supermarkets	344	3715.78
01/02/2012	Feb-12	Supermarkets	304	2105.8
01/02/2012	Feb-12	Supermarkets	51754	208960.27
01/02/2012	Feb-12	Supermarkets	175	1041.54
01/02/2012	Feb-12	Supermarkets	1611	10144.81
01/02/2012	Feb-12	Supermarkets	10440	52551.07
01/02/2012	Feb-12	Supermarkets	12053	51541.97
01/02/2012	Feb-12	Supermarkets	1066	4940.68
01/02/2012	Feb-12	Supermarkets	9500	46075.9
01/02/2012	Feb-12	Supermarkets	356	2010.92
01/02/2012	Feb-12	Supermarkets	6641	45740.24
01/02/2012	Feb-12	Supermarkets	286	2363.81
01/02/2012	Feb-12	Supermarkets	1055	8965.7
01/02/2012	Feb-12	Supermarkets	5560	39278.42
01/02/2012	Feb-12	Supermarkets	2836	19121.87
01/02/2012	Feb-12	Supermarkets	157	1333.54
01/02/2012	Feb-12	Supermarkets	1545	6523.03
01/02/2012	Feb-12	Supermarkets	623	3677.46
01/02/2012	Feb-12	Supermarkets	6217	29323.95
01/02/2012	Feb-12	Supermarkets	1523	7327.6
01/02/2012	Feb-12	Supermarkets	381	2073.91
01/03/2012	Mar-12	Hypermarkets	2632	9443.01
01/03/2012	Mar-12	Hypermarkets	971	2817.53
01/03/2012	Mar-12	Hypermarkets	409	2278.11
01/03/2012	Mar-12	Hypermarkets	456	2592.75
01/03/2012	Mar-12	Hypermarkets	3041	17569.82
01/03/2012	Mar-12	Hypermarkets	5430	25476.9
01/03/2012	Mar-12	Hypermarkets	13929	57674.86
01/03/2012	Mar-12	Hypermarkets	715	7481.01
01/03/2012	Mar-12	Hypermarkets	900	8764.52
01/03/2012	Mar-12	Hypermarkets	874	4080.51
01/03/2012	Mar-12	Hypermarkets	832	2943.57
01/03/2012	Mar-12	Hypermarkets	532	3423.62
01/03/2012	Mar-12	Hypermarkets	1024	5930.75
01/03/2012	Mar-12	Hypermarkets	874	3508.09
01/03/2012	Mar-12	Hypermarkets	4307	15589.56
01/03/2012	Mar-12	Hypermarkets	331	3510.64
01/03/2012	Mar-12	Hypermarkets	208	1397.48
01/03/2012	Mar-12	Hypermarkets	825	4870.67
01/03/2012	Mar-12	Hypermarkets	532	3069.43
01/03/2012	Mar-12	Hypermarkets	2224	13501.79
01/03/2012	Mar-12	Hypermarkets	4582	22667.1
01/03/2012	Mar-12	Hypermarkets	29137	116279.63
01/03/2012	Mar-12	Hypermarkets	2465	9962.73
01/03/2012	Mar-12	Hypermarkets	1131	6046.91
01/03/2012	Mar-12	Hypermarkets	2626	12338.81
01/03/2012	Mar-12	Hypermarkets	1401	10616.95
01/03/2012	Mar-12	Hypermarkets	447	3506.66
01/03/2012	Mar-12	Hypermarkets	1922	14847.46
01/03/2012	Mar-12	Hypermarkets	4710	31566.25
01/03/2012	Mar-12	Hypermarkets	7606	45812.85
01/03/2012	Mar-12	Hypermarkets	738	4923.68
01/03/2012	Mar-12	Hypermarkets	725	2947.66
01/03/2012	Mar-12	Hypermarkets	1100	5641.52
01/03/2012	Mar-12	Hypermarkets	3625	16304.85
01/03/2012	Mar-12	Hypermarkets	22009	82841.27
01/03/2012	Mar-12	Hypermarkets	528	2835.72
01/03/2012	Mar-12	Supermarkets	851	3344.75
01/03/2012	Mar-12	Supermarkets	891	2525.25
01/03/2012	Mar-12	Supermarkets	37114	149775.64
01/03/2012	Mar-12	Supermarkets	479	2987.43
01/03/2012	Mar-12	Supermarkets	3122	18756.91
01/03/2012	Mar-12	Supermarkets	8398	40519.17
01/03/2012	Mar-12	Supermarkets	11791	49521.07
01/03/2012	Mar-12	Supermarkets	490	5542.81
01/03/2012	Mar-12	Supermarkets	1039	10510.53
01/03/2012	Mar-12	Supermarkets	431	2143.64
01/03/2012	Mar-12	Supermarkets	503	1916.96
01/03/2012	Mar-12	Supermarkets	319	2156.55
01/03/2012	Mar-12	Supermarkets	1159	6961.17
01/03/2012	Mar-12	Supermarkets	610	2659.83
01/03/2012	Mar-12	Supermarkets	1945	7634.5
01/03/2012	Mar-12	Supermarkets	413	4559.68
01/03/2012	Mar-12	Supermarkets	270	1860.09
01/03/2012	Mar-12	Supermarkets	14750	61848.6
01/03/2012	Mar-12	Supermarkets	211	1312.86
01/03/2012	Mar-12	Supermarkets	1647	10614.73
01/03/2012	Mar-12	Supermarkets	9425	47305.98
01/03/2012	Mar-12	Supermarkets	13460	56306.56
01/03/2012	Mar-12	Supermarkets	1316	5857.2
01/03/2012	Mar-12	Supermarkets	2324	12052.25
01/03/2012	Mar-12	Supermarkets	713	3424.29
01/03/2012	Mar-12	Supermarkets	2710	19632.73
01/03/2012	Mar-12	Supermarkets	302	2540.89
01/03/2012	Mar-12	Supermarkets	1015	8640.22
01/03/2012	Mar-12	Supermarkets	5224	36857.08
01/03/2012	Mar-12	Supermarkets	3774	24212.23
01/03/2012	Mar-12	Supermarkets	175	1476.99
01/03/2012	Mar-12	Supermarkets	1322	5476.01
01/03/2012	Mar-12	Supermarkets	578	3376.08
01/03/2012	Mar-12	Supermarkets	9827	40863.68
01/03/2012	Mar-12	Supermarkets	14006	53125.61
01/03/2012	Mar-12	Supermarkets	430	2315.4
01/04/2012	Apr-12	Hypermarkets	2080	7778.58
01/04/2012	Apr-12	Hypermarkets	789	2459.75
01/04/2012	Apr-12	Hypermarkets	374	2073.71
01/04/2012	Apr-12	Hypermarkets	484	2636.52
01/04/2012	Apr-12	Hypermarkets	3485	19978.59
01/04/2012	Apr-12	Hypermarkets	6096	28672.13
01/04/2012	Apr-12	Hypermarkets	18802	75618.18
01/04/2012	Apr-12	Hypermarkets	943	9705.95
01/04/2012	Apr-12	Hypermarkets	1394	13239.05
01/04/2012	Apr-12	Hypermarkets	835	3996.27
01/04/2012	Apr-12	Hypermarkets	791	2858.75
01/04/2012	Apr-12	Hypermarkets	574	3723.88
01/04/2012	Apr-12	Hypermarkets	1455	8276.5
01/04/2012	Apr-12	Hypermarkets	991	3986.07
01/04/2012	Apr-12	Hypermarkets	3850	14240.17
01/04/2012	Apr-12	Hypermarkets	283	2845.73
01/04/2012	Apr-12	Hypermarkets	191	1286.57
01/04/2012	Apr-12	Hypermarkets	828	4966.7
01/04/2012	Apr-12	Hypermarkets	656	3859.34
01/04/2012	Apr-12	Hypermarkets	2431	14658.86
01/04/2012	Apr-12	Hypermarkets	4817	23574.24
01/04/2012	Apr-12	Hypermarkets	52003	201783.85
01/04/2012	Apr-12	Hypermarkets	2735	10906.85
01/04/2012	Apr-12	Hypermarkets	1003	5412.42
01/04/2012	Apr-12	Hypermarkets	2647	12539.23
01/04/2012	Apr-12	Hypermarkets	1390	10519.94
01/04/2012	Apr-12	Hypermarkets	468	3653.56
01/04/2012	Apr-12	Hypermarkets	2059	16079.96
01/04/2012	Apr-12	Hypermarkets	7765	50642.91
01/04/2012	Apr-12	Hypermarkets	6877	42225.55
01/04/2012	Apr-12	Hypermarkets	812	5538.91
01/04/2012	Apr-12	Hypermarkets	908	3719.41
01/04/2012	Apr-12	Hypermarkets	1213	6352.22
01/04/2012	Apr-12	Hypermarkets	3284	15133.5
01/04/2012	Apr-12	Hypermarkets	9250	36418.25
01/04/2012	Apr-12	Hypermarkets	548	2782.66
01/04/2012	Apr-12	Supermarkets	883	3437.36
01/04/2012	Apr-12	Supermarkets	733	2283.19
01/04/2012	Apr-12	Supermarkets	47877	192660.29
01/04/2012	Apr-12	Supermarkets	439	2522.54
01/04/2012	Apr-12	Supermarkets	2903	17162.02
01/04/2012	Apr-12	Supermarkets	9701	46203.61
01/04/2012	Apr-12	Supermarkets	16148	65797.14
01/04/2012	Apr-12	Supermarkets	614	6653.39
01/04/2012	Apr-12	Supermarkets	1271	12495.43
01/04/2012	Apr-12	Supermarkets	336	1762.48
01/04/2012	Apr-12	Supermarkets	454	1718.71
01/04/2012	Apr-12	Supermarkets	306	2051.03
01/04/2012	Apr-12	Supermarkets	1105	6529.85
01/04/2012	Apr-12	Supermarkets	531	2283.47
01/04/2012	Apr-12	Supermarkets	2220	8711.86
01/04/2012	Apr-12	Supermarkets	459	4934.33
01/04/2012	Apr-12	Supermarkets	308	2126.41
01/04/2012	Apr-12	Supermarkets	5858	26843.34
01/04/2012	Apr-12	Supermarkets	256	1566.07
01/04/2012	Apr-12	Supermarkets	1496	9608.58
01/04/2012	Apr-12	Supermarkets	8631	43661.51
01/04/2012	Apr-12	Supermarkets	41612	161504.53
01/04/2012	Apr-12	Supermarkets	1049	4908.75
01/04/2012	Apr-12	Supermarkets	3094	15689.43
01/04/2012	Apr-12	Supermarkets	966	4460.39
01/04/2012	Apr-12	Supermarkets	2512	17938.44
01/04/2012	Apr-12	Supermarkets	286	2371.07
01/04/2012	Apr-12	Supermarkets	1289	10952.05
01/04/2012	Apr-12	Supermarkets	7523	51989.68
01/04/2012	Apr-12	Supermarkets	3257	21784.8
01/04/2012	Apr-12	Supermarkets	192	1621.62
01/04/2012	Apr-12	Supermarkets	1366	5749.82
01/04/2012	Apr-12	Supermarkets	12736	51876.25
01/04/2012	Apr-12	Supermarkets	5468	26858.13
01/04/2012	Apr-12	Supermarkets	2578	11302.39
01/04/2012	Apr-12	Supermarkets	478	2427.27
01/05/2012	May-12	Hypermarkets	1897	6872.42
01/05/2012	May-12	Hypermarkets	619	1918.07
01/05/2012	May-12	Hypermarkets	275	1553.08
01/05/2012	May-12	Hypermarkets	281	1607.52
01/05/2012	May-12	Hypermarkets	2316	13487.21
01/05/2012	May-12	Hypermarkets	2786	13291.37
01/05/2012	May-12	Hypermarkets	14206	57696.14
01/05/2012	May-12	Hypermarkets	536	5769.99
01/05/2012	May-12	Hypermarkets	856	8338.77
01/05/2012	May-12	Hypermarkets	694	3346.38
01/05/2012	May-12	Hypermarkets	572	2043.09
01/05/2012	May-12	Hypermarkets	443	2882.58
01/05/2012	May-12	Hypermarkets	1073	6273.04
01/05/2012	May-12	Hypermarkets	816	3296.02
01/05/2012	May-12	Hypermarkets	2742	10207
01/05/2012	May-12	Hypermarkets	179	1798.19
01/05/2012	May-12	Hypermarkets	171	1156.43
01/05/2012	May-12	Hypermarkets	580	3519.05
01/05/2012	May-12	Hypermarkets	510	2908.42
01/05/2012	May-12	Hypermarkets	1639	10030.98
01/05/2012	May-12	Hypermarkets	5251	25529.01
01/05/2012	May-12	Hypermarkets	22942	93096.18
01/05/2012	May-12	Hypermarkets	1667	6981.51
01/05/2012	May-12	Hypermarkets	719	4002.55
01/05/2012	May-12	Hypermarkets	2291	10907.14
01/05/2012	May-12	Hypermarkets	2042	14285.67
01/05/2012	May-12	Hypermarkets	351	2735.2
01/05/2012	May-12	Hypermarkets	2227	17129.07
01/05/2012	May-12	Hypermarkets	3944	27151.61
01/05/2012	May-12	Hypermarkets	5215	32423.16
01/05/2012	May-12	Hypermarkets	571	3888.26
01/05/2012	May-12	Hypermarkets	1337	5156.4
01/05/2012	May-12	Hypermarkets	947	4892.79
01/05/2012	May-12	Hypermarkets	2790	13021.63
01/05/2012	May-12	Hypermarkets	4911	20576.17
01/05/2012	May-12	Hypermarkets	353	1967.6
01/05/2012	May-12	Supermarkets	809	3106.04
01/05/2012	May-12	Supermarkets	565	1752.95
01/05/2012	May-12	Supermarkets	4975	21977.93
01/05/2012	May-12	Supermarkets	332	2077.49
01/05/2012	May-12	Supermarkets	1913	11796.37
01/05/2012	May-12	Supermarkets	5437	26686.99
01/05/2012	May-12	Supermarkets	8350	35605.61
01/05/2012	May-12	Supermarkets	338	3791.36
01/05/2012	May-12	Supermarkets	799	8207.59
01/05/2012	May-12	Supermarkets	293	1564.15
01/05/2012	May-12	Supermarkets	351	1337.2
01/05/2012	May-12	Supermarkets	273	1834.48
01/05/2012	May-12	Supermarkets	953	5749.5
01/05/2012	May-12	Supermarkets	389	1665.58
01/05/2012	May-12	Supermarkets	1822	7195.04
01/05/2012	May-12	Supermarkets	302	3302.29
01/05/2012	May-12	Supermarkets	252	1752.56
01/05/2012	May-12	Supermarkets	1666	9325.02
01/05/2012	May-12	Supermarkets	193	1168.58
01/05/2012	May-12	Supermarkets	1124	7161.63
01/05/2012	May-12	Supermarkets	7062	36721.75
01/05/2012	May-12	Supermarkets	18667	77195.77
01/05/2012	May-12	Supermarkets	772	3644.9
01/05/2012	May-12	Supermarkets	5512	26960.11
01/05/2012	May-12	Supermarkets	595	2961.89
01/05/2012	May-12	Supermarkets	1703	12504.05
01/05/2012	May-12	Supermarkets	182	1525.56
01/05/2012	May-12	Supermarkets	1513	12539
01/05/2012	May-12	Supermarkets	4319	31855.33
01/05/2012	May-12	Supermarkets	2751	18435.51
01/05/2012	May-12	Supermarkets	196	1652.68
01/05/2012	May-12	Supermarkets	2107	8146.96
01/05/2012	May-12	Supermarkets	48851	200117.73
01/05/2012	May-12	Supermarkets	4855	23747.4
01/05/2012	May-12	Supermarkets	1600	7173.4
01/05/2012	May-12	Supermarkets	166	935.43
01/06/2012	Jun-12	Hypermarkets	2552	8864.35
01/06/2012	Jun-12	Hypermarkets	782	2315.25
01/06/2012	Jun-12	Hypermarkets	316	1836.98
01/06/2012	Jun-12	Hypermarkets	451	2661.85
01/06/2012	Jun-12	Hypermarkets	2032	12458.18
01/06/2012	Jun-12	Hypermarkets	2440	11905.51
01/06/2012	Jun-12	Hypermarkets	35578	138996.25
01/06/2012	Jun-12	Hypermarkets	717	7564.92
01/06/2012	Jun-12	Hypermarkets	1072	10133.65
01/06/2012	Jun-12	Hypermarkets	620	3054.77
01/06/2012	Jun-12	Hypermarkets	644	2332.79
01/06/2012	Jun-12	Hypermarkets	613	3985
01/06/2012	Jun-12	Hypermarkets	1056	6198.53
01/06/2012	Jun-12	Hypermarkets	976	3924.67
01/06/2012	Jun-12	Hypermarkets	3291	12330.07
01/06/2012	Jun-12	Hypermarkets	135	1389.98
01/06/2012	Jun-12	Hypermarkets	202	1359.71
01/06/2012	Jun-12	Hypermarkets	808	4936.79
01/06/2012	Jun-12	Hypermarkets	938	5350.99
01/06/2012	Jun-12	Hypermarkets	2154	13187.43
01/06/2012	Jun-12	Hypermarkets	4149	20869.27
01/06/2012	Jun-12	Hypermarkets	24490	98981.14
01/06/2012	Jun-12	Hypermarkets	1879	7860.31
01/06/2012	Jun-12	Hypermarkets	934	5153.69
01/06/2012	Jun-12	Hypermarkets	1831	9065.67
01/06/2012	Jun-12	Hypermarkets	1455	10998.87
01/06/2012	Jun-12	Hypermarkets	503	3956.29
01/06/2012	Jun-12	Hypermarkets	2612	20229.18
01/06/2012	Jun-12	Hypermarkets	4248	29577.75
01/06/2012	Jun-12	Hypermarkets	10547	62074.15
01/06/2012	Jun-12	Hypermarkets	677	4579.93
01/06/2012	Jun-12	Hypermarkets	668	2738.7
01/06/2012	Jun-12	Hypermarkets	1142	5949.77
01/06/2012	Jun-12	Hypermarkets	5360	23749.45
01/06/2012	Jun-12	Hypermarkets	4699	19918.95
01/06/2012	Jun-12	Hypermarkets	431	2412.14
01/06/2012	Jun-12	Supermarkets	1093	3978.49
01/06/2012	Jun-12	Supermarkets	628	1863.43
01/06/2012	Jun-12	Supermarkets	2384	12329.75
01/06/2012	Jun-12	Supermarkets	457	2935.11
01/06/2012	Jun-12	Supermarkets	2219	14310.73
01/06/2012	Jun-12	Supermarkets	4669	23262.7
01/06/2012	Jun-12	Supermarkets	25739	101880.7
01/06/2012	Jun-12	Supermarkets	470	5190.78
01/06/2012	Jun-12	Supermarkets	1069	10859.35
01/06/2012	Jun-12	Supermarkets	298	1633.97
01/06/2012	Jun-12	Supermarkets	395	1495.65
01/06/2012	Jun-12	Supermarkets	327	2192.18
01/06/2012	Jun-12	Supermarkets	1180	7148.01
01/06/2012	Jun-12	Supermarkets	536	2337.2
01/06/2012	Jun-12	Supermarkets	1984	7762.85
01/06/2012	Jun-12	Supermarkets	446	4667.85
01/06/2012	Jun-12	Supermarkets	241	1658.04
01/06/2012	Jun-12	Supermarkets	1731	10657.26
01/06/2012	Jun-12	Supermarkets	331	1974.35
01/06/2012	Jun-12	Supermarkets	1637	10401.47
01/06/2012	Jun-12	Supermarkets	7034	36955.82
01/06/2012	Jun-12	Supermarkets	21334	87048.9
01/06/2012	Jun-12	Supermarkets	1088	5074.15
01/06/2012	Jun-12	Supermarkets	6645	32751.74
01/06/2012	Jun-12	Supermarkets	441	2238.67
01/06/2012	Jun-12	Supermarkets	1493	11375.86
01/06/2012	Jun-12	Supermarkets	256	2142.89
01/06/2012	Jun-12	Supermarkets	1768	14787.41
01/06/2012	Jun-12	Supermarkets	5618	40284
01/06/2012	Jun-12	Supermarkets	5710	35124.93
01/06/2012	Jun-12	Supermarkets	203	1728.81
01/06/2012	Jun-12	Supermarkets	1468	6157.83
01/06/2012	Jun-12	Supermarkets	38871	154623.5
01/06/2012	Jun-12	Supermarkets	5461	26787.92
01/06/2012	Jun-12	Supermarkets	1262	6002.83
01/06/2012	Jun-12	Supermarkets	460	2497.73
01/07/2012	Jul-12	Hypermarkets	1829	6831.16
01/07/2012	Jul-12	Hypermarkets	659	2053.22
01/07/2012	Jul-12	Hypermarkets	271	1570.79
01/07/2012	Jul-12	Hypermarkets	392	2263.22
01/07/2012	Jul-12	Hypermarkets	2129	12980.33
01/07/2012	Jul-12	Hypermarkets	1481	7222.39
01/07/2012	Jul-12	Hypermarkets	11158	47580.03
01/07/2012	Jul-12	Hypermarkets	565	5973.49
01/07/2012	Jul-12	Hypermarkets	764	7559.44
01/07/2012	Jul-12	Hypermarkets	681	3377.83
01/07/2012	Jul-12	Hypermarkets	629	2269.97
01/07/2012	Jul-12	Hypermarkets	578	3805.38
01/07/2012	Jul-12	Hypermarkets	898	5358.69
01/07/2012	Jul-12	Hypermarkets	993	4005.48
01/07/2012	Jul-12	Hypermarkets	3274	12263.96
01/07/2012	Jul-12	Hypermarkets	146	1513.53
01/07/2012	Jul-12	Hypermarkets	161	1084.55
01/07/2012	Jul-12	Hypermarkets	864	5140.75
01/07/2012	Jul-12	Hypermarkets	771	4418.66
01/07/2012	Jul-12	Hypermarkets	1909	11704.04
01/07/2012	Jul-12	Hypermarkets	3197	16429.87
01/07/2012	Jul-12	Hypermarkets	43672	173802.18
01/07/2012	Jul-12	Hypermarkets	1886	7791.41
01/07/2012	Jul-12	Hypermarkets	1200	6476.17
01/07/2012	Jul-12	Hypermarkets	2279	11245.64
01/07/2012	Jul-12	Hypermarkets	1310	10071.1
01/07/2012	Jul-12	Hypermarkets	370	2949.1
01/07/2012	Jul-12	Hypermarkets	2953	22974.95
01/07/2012	Jul-12	Hypermarkets	4436	31015.29
01/07/2012	Jul-12	Hypermarkets	5094	32717.5
01/07/2012	Jul-12	Hypermarkets	649	4363.73
01/07/2012	Jul-12	Hypermarkets	434	1809.55
01/07/2012	Jul-12	Hypermarkets	1077	5557.42
01/07/2012	Jul-12	Hypermarkets	3073	14247.64
01/07/2012	Jul-12	Hypermarkets	4139	17800.12
01/07/2012	Jul-12	Hypermarkets	417	2361.5
01/07/2012	Jul-12	Supermarkets	703	2742.4
01/07/2012	Jul-12	Supermarkets	514	1602.72
01/07/2012	Jul-12	Supermarkets	3603	16390.56
01/07/2012	Jul-12	Supermarkets	364	2288.79
01/07/2012	Jul-12	Supermarkets	2015	13014.81
01/07/2012	Jul-12	Supermarkets	4990	24309.58
01/07/2012	Jul-12	Supermarkets	9221	40835.48
01/07/2012	Jul-12	Supermarkets	491	5174.39
01/07/2012	Jul-12	Supermarkets	815	8482.56
01/07/2012	Jul-12	Supermarkets	293	1564.03
01/07/2012	Jul-12	Supermarkets	376	1401.81
01/07/2012	Jul-12	Supermarkets	310	2092.18
01/07/2012	Jul-12	Supermarkets	1172	7159.46
01/07/2012	Jul-12	Supermarkets	494	2128.12
01/07/2012	Jul-12	Supermarkets	2021	7951.29
01/07/2012	Jul-12	Supermarkets	311	3344.27
01/07/2012	Jul-12	Supermarkets	231	1592.91
01/07/2012	Jul-12	Supermarkets	1378	8718.84
01/07/2012	Jul-12	Supermarkets	308	1861.84
01/07/2012	Jul-12	Supermarkets	1434	9068.29
01/07/2012	Jul-12	Supermarkets	6425	34409.47
01/07/2012	Jul-12	Supermarkets	33726	134705.37
01/07/2012	Jul-12	Supermarkets	779	3701.96
01/07/2012	Jul-12	Supermarkets	3542	17705.04
01/07/2012	Jul-12	Supermarkets	461	2451.94
01/07/2012	Jul-12	Supermarkets	874	7112.95
01/07/2012	Jul-12	Supermarkets	209	1756.49
01/07/2012	Jul-12	Supermarkets	1715	14451
01/07/2012	Jul-12	Supermarkets	4925	36497.48
01/07/2012	Jul-12	Supermarkets	2906	19985.98
01/07/2012	Jul-12	Supermarkets	149	1259.56
01/07/2012	Jul-12	Supermarkets	1183	5094.49
01/07/2012	Jul-12	Supermarkets	17742	71328.65
01/07/2012	Jul-12	Supermarkets	4583	22455.28
01/07/2012	Jul-12	Supermarkets	1084	5361.91
01/07/2012	Jul-12	Supermarkets	964	4010.61
01/08/2012	Aug-12	Hypermarkets	2753	9764.76
01/08/2012	Aug-12	Hypermarkets	715	2119.94
01/08/2012	Aug-12	Hypermarkets	373	2160.76
01/08/2012	Aug-12	Hypermarkets	352	2034.08
01/08/2012	Aug-12	Hypermarkets	1580	9954.47
01/08/2012	Aug-12	Hypermarkets	1979	9355.83
01/08/2012	Aug-12	Hypermarkets	20721	84997.18
01/08/2012	Aug-12	Hypermarkets	443	4916.18
01/08/2012	Aug-12	Hypermarkets	773	7731.19
01/08/2012	Aug-12	Hypermarkets	705	3466.62
01/08/2012	Aug-12	Hypermarkets	536	1925.35
01/08/2012	Aug-12	Hypermarkets	527	3483.14
01/08/2012	Aug-12	Hypermarkets	781	4642.2
01/08/2012	Aug-12	Hypermarkets	913	3687.44
01/08/2012	Aug-12	Hypermarkets	2819	10661.55
01/08/2012	Aug-12	Hypermarkets	203	2133.16
01/08/2012	Aug-12	Hypermarkets	175	1175.25
01/08/2012	Aug-12	Hypermarkets	893	5375.89
01/08/2012	Aug-12	Hypermarkets	718	4087.65
01/08/2012	Aug-12	Hypermarkets	1879	11437.3
01/08/2012	Aug-12	Hypermarkets	5162	26143.1
01/08/2012	Aug-12	Hypermarkets	17646	75541.97
01/08/2012	Aug-12	Hypermarkets	1541	6601.3
01/08/2012	Aug-12	Hypermarkets	942	5241.62
01/08/2012	Aug-12	Hypermarkets	2165	10566.44
01/08/2012	Aug-12	Hypermarkets	1136	8749.15
01/08/2012	Aug-12	Hypermarkets	99	786.51
01/08/2012	Aug-12	Hypermarkets	2864	21990.58
01/08/2012	Aug-12	Hypermarkets	11270	72569.53
01/08/2012	Aug-12	Hypermarkets	5411	33796.78
01/08/2012	Aug-12	Hypermarkets	672	4549.2
01/08/2012	Aug-12	Hypermarkets	351	1464.08
01/08/2012	Aug-12	Hypermarkets	1147	5778.57
01/08/2012	Aug-12	Hypermarkets	3502	16244.27
01/08/2012	Aug-12	Hypermarkets	5737	23363.69
01/08/2012	Aug-12	Hypermarkets	488	2637.59
01/08/2012	Aug-12	Supermarkets	921	3463.57
01/08/2012	Aug-12	Supermarkets	589	1746.48
01/08/2012	Aug-12	Supermarkets	35723	143576.49
01/08/2012	Aug-12	Supermarkets	273	1696.68
01/08/2012	Aug-12	Supermarkets	1739	11317.21
01/08/2012	Aug-12	Supermarkets	4748	23864.59
01/08/2012	Aug-12	Supermarkets	14830	62910.52
01/08/2012	Aug-12	Supermarkets	319	3628.09
01/08/2012	Aug-12	Supermarkets	917	9571.79
01/08/2012	Aug-12	Supermarkets	353	1874.67
01/08/2012	Aug-12	Supermarkets	494	1861.48
01/08/2012	Aug-12	Supermarkets	281	1841.94
01/08/2012	Aug-12	Supermarkets	1207	7281.33
01/08/2012	Aug-12	Supermarkets	467	2003.98
01/08/2012	Aug-12	Supermarkets	2021	7950.73
01/08/2012	Aug-12	Supermarkets	471	4935.63
01/08/2012	Aug-12	Supermarkets	192	1316.67
01/08/2012	Aug-12	Supermarkets	1407	8812.36
01/08/2012	Aug-12	Supermarkets	311	1823.28
01/08/2012	Aug-12	Supermarkets	1480	9459.61
01/08/2012	Aug-12	Supermarkets	7658	40600.82
01/08/2012	Aug-12	Supermarkets	11448	49806.29
01/08/2012	Aug-12	Supermarkets	870	4086.57
01/08/2012	Aug-12	Supermarkets	3313	16806.42
01/08/2012	Aug-12	Supermarkets	332	1841.4
01/08/2012	Aug-12	Supermarkets	941	7621.79
01/08/2012	Aug-12	Supermarkets	94	798.82
01/08/2012	Aug-12	Supermarkets	1628	13408.23
01/08/2012	Aug-12	Supermarkets	9459	63588.35
01/08/2012	Aug-12	Supermarkets	2768	18923.22
01/08/2012	Aug-12	Supermarkets	186	1596.44
01/08/2012	Aug-12	Supermarkets	1045	4448.16
01/08/2012	Aug-12	Supermarkets	28787	114339.67
01/08/2012	Aug-12	Supermarkets	4813	23650.76
01/08/2012	Aug-12	Supermarkets	1828	7982.17
01/08/2012	Aug-12	Supermarkets	298	1426.32
01/09/2012	Sep-12	Hypermarkets	1579	5918.05
01/09/2012	Sep-12	Hypermarkets	1062	2897.99
01/09/2012	Sep-12	Hypermarkets	358	2005.05
01/09/2012	Sep-12	Hypermarkets	322	1836.58
01/09/2012	Sep-12	Hypermarkets	2108	12994.9
01/09/2012	Sep-12	Hypermarkets	2488	11967.73
01/09/2012	Sep-12	Hypermarkets	33902	134645.14
01/09/2012	Sep-12	Hypermarkets	507	5697.08
01/09/2012	Sep-12	Hypermarkets	956	9401.16
01/09/2012	Sep-12	Hypermarkets	565	2879.32
01/09/2012	Sep-12	Hypermarkets	549	1974.03
01/09/2012	Sep-12	Hypermarkets	486	3213.78
01/09/2012	Sep-12	Hypermarkets	899	5367.87
01/09/2012	Sep-12	Hypermarkets	973	3921.46
01/09/2012	Sep-12	Hypermarkets	2806	10553.01
01/09/2012	Sep-12	Hypermarkets	336	3595.42
01/09/2012	Sep-12	Hypermarkets	220	1505.43
01/09/2012	Sep-12	Hypermarkets	1510	8031.08
01/09/2012	Sep-12	Hypermarkets	891	5081.1
01/09/2012	Sep-12	Hypermarkets	2060	12677.2
01/09/2012	Sep-12	Hypermarkets	5434	27736.56
01/09/2012	Sep-12	Hypermarkets	14416	62014.28
01/09/2012	Sep-12	Hypermarkets	1515	6583.58
01/09/2012	Sep-12	Hypermarkets	1319	7188.57
01/09/2012	Sep-12	Hypermarkets	2336	11289.53
01/09/2012	Sep-12	Hypermarkets	1306	10087.19
01/09/2012	Sep-12	Hypermarkets	17	140.11
01/09/2012	Sep-12	Hypermarkets	3361	25563.72
01/09/2012	Sep-12	Hypermarkets	5125	34758.57
01/09/2012	Sep-12	Hypermarkets	9643	57250.34
01/09/2012	Sep-12	Hypermarkets	728	4947.78
01/09/2012	Sep-12	Hypermarkets	326	1358.21
01/09/2012	Sep-12	Hypermarkets	963	4821.85
01/09/2012	Sep-12	Hypermarkets	3719	17211.42
01/09/2012	Sep-12	Hypermarkets	3836	15164.31
01/09/2012	Sep-12	Hypermarkets	576	3143.05
01/09/2012	Sep-12	Supermarkets	849	3108.34
01/09/2012	Sep-12	Supermarkets	758	2075.14
01/09/2012	Sep-12	Supermarkets	25705	105830.65
01/09/2012	Sep-12	Supermarkets	307	1890.79
01/09/2012	Sep-12	Supermarkets	1648	10740.5
01/09/2012	Sep-12	Supermarkets	5610	28385.18
01/09/2012	Sep-12	Supermarkets	29644	118775.43
01/09/2012	Sep-12	Supermarkets	353	3442.96
01/09/2012	Sep-12	Supermarkets	1030	10423.43
01/09/2012	Sep-12	Supermarkets	338	1810.97
01/09/2012	Sep-12	Supermarkets	406	1524.56
01/09/2012	Sep-12	Supermarkets	270	1674.95
01/09/2012	Sep-12	Supermarkets	1225	7420.97
01/09/2012	Sep-12	Supermarkets	514	2200.79
01/09/2012	Sep-12	Supermarkets	2053	7982.86
01/09/2012	Sep-12	Supermarkets	650	6893.43
01/09/2012	Sep-12	Supermarkets	191	1292.04
01/09/2012	Sep-12	Supermarkets	1550	9654.24
01/09/2012	Sep-12	Supermarkets	309	1864.03
01/09/2012	Sep-12	Supermarkets	1359	8567.35
01/09/2012	Sep-12	Supermarkets	7582	40210.48
01/09/2012	Sep-12	Supermarkets	11371	49175.3
01/09/2012	Sep-12	Supermarkets	884	4109.06
01/09/2012	Sep-12	Supermarkets	1037	6233.56
01/09/2012	Sep-12	Supermarkets	280	1552.52
01/09/2012	Sep-12	Supermarkets	1067	8429.39
01/09/2012	Sep-12	Supermarkets	73	613.28
01/09/2012	Sep-12	Supermarkets	2063	16679.08
01/09/2012	Sep-12	Supermarkets	5040	37137.35
01/09/2012	Sep-12	Supermarkets	4613	29113.27
01/09/2012	Sep-12	Supermarkets	149	1290.77
01/09/2012	Sep-12	Supermarkets	859	3720.2
01/09/2012	Sep-12	Supermarkets	10502	42947.94
01/09/2012	Sep-12	Supermarkets	4459	22263.81
01/09/2012	Sep-12	Supermarkets	2094	8196.03
01/09/2012	Sep-12	Supermarkets	458	1662.21
01/10/2012	Oct-12	Hypermarkets	1984	7286.94
01/10/2012	Oct-12	Hypermarkets	1141	3046.28
01/10/2012	Oct-12	Hypermarkets	268	1534.33
01/10/2012	Oct-12	Hypermarkets	412	2404.55
01/10/2012	Oct-12	Hypermarkets	2858	16554.93
01/10/2012	Oct-12	Hypermarkets	3430	16479.56
01/10/2012	Oct-12	Hypermarkets	26185	104801.07
01/10/2012	Oct-12	Hypermarkets	1165	12053.95
01/10/2012	Oct-12	Hypermarkets	913	8971.15
01/10/2012	Oct-12	Hypermarkets	719	3590.02
01/10/2012	Oct-12	Hypermarkets	505	1830.83
01/10/2012	Oct-12	Hypermarkets	480	3187.13
01/10/2012	Oct-12	Hypermarkets	1100	6446.07
01/10/2012	Oct-12	Hypermarkets	1102	4440.78
01/10/2012	Oct-12	Hypermarkets	3046	11520.85
01/10/2012	Oct-12	Hypermarkets	305	3134.32
01/10/2012	Oct-12	Hypermarkets	201	1357.66
01/10/2012	Oct-12	Hypermarkets	1675	8907.17
01/10/2012	Oct-12	Hypermarkets	559	3191.42
01/10/2012	Oct-12	Hypermarkets	2130	13028.42
01/10/2012	Oct-12	Hypermarkets	5138	25983.41
01/10/2012	Oct-12	Hypermarkets	17354	72697.21
01/10/2012	Oct-12	Hypermarkets	1519	6579.73
01/10/2012	Oct-12	Hypermarkets	1241	6872.74
01/10/2012	Oct-12	Hypermarkets	2816	13404.18
01/10/2012	Oct-12	Hypermarkets	1229	9628.43
01/10/2012	Oct-12	Hypermarkets	33	264.45
01/10/2012	Oct-12	Hypermarkets	2775	21609.51
01/10/2012	Oct-12	Hypermarkets	6218	42072.19
01/10/2012	Oct-12	Hypermarkets	6629	40529.32
01/10/2012	Oct-12	Hypermarkets	610	4121.96
01/10/2012	Oct-12	Hypermarkets	373	1551.29
01/10/2012	Oct-12	Hypermarkets	914	4675.35
01/10/2012	Oct-12	Hypermarkets	2908	13596.27
01/10/2012	Oct-12	Hypermarkets	18926	76135.16
01/10/2012	Oct-12	Hypermarkets	606	3291.3
01/10/2012	Oct-12	Supermarkets	948	3614.95
01/10/2012	Oct-12	Supermarkets	989	2647.32
01/10/2012	Oct-12	Supermarkets	40907	184941.76
01/10/2012	Oct-12	Supermarkets	395	2496.49
01/10/2012	Oct-12	Supermarkets	1945	12350.01
01/10/2012	Oct-12	Supermarkets	7615	37320.08
01/10/2012	Oct-12	Supermarkets	16414	67526.63
01/10/2012	Oct-12	Supermarkets	386	4271.24
01/10/2012	Oct-12	Supermarkets	1162	11766.63
01/10/2012	Oct-12	Supermarkets	317	1703.67
01/10/2012	Oct-12	Supermarkets	488	1785.99
01/10/2012	Oct-12	Supermarkets	267	1795.69
01/10/2012	Oct-12	Supermarkets	1151	6995.01
01/10/2012	Oct-12	Supermarkets	658	2833.69
01/10/2012	Oct-12	Supermarkets	2414	9411.83
01/10/2012	Oct-12	Supermarkets	640	6982.5
01/10/2012	Oct-12	Supermarkets	311	2146.7
01/10/2012	Oct-12	Supermarkets	1592	9595.59
01/10/2012	Oct-12	Supermarkets	279	1618.96
01/10/2012	Oct-12	Supermarkets	1712	10871.79
01/10/2012	Oct-12	Supermarkets	9185	47857.87
01/10/2012	Oct-12	Supermarkets	12788	55701.07
01/10/2012	Oct-12	Supermarkets	905	4308.62
01/10/2012	Oct-12	Supermarkets	978	5886.87
01/10/2012	Oct-12	Supermarkets	321	1772.13
01/10/2012	Oct-12	Supermarkets	1057	8529.02
01/10/2012	Oct-12	Supermarkets	83	705.22
01/10/2012	Oct-12	Supermarkets	1660	13761.91
01/10/2012	Oct-12	Supermarkets	7405	51248.61
01/10/2012	Oct-12	Supermarkets	2809	19371.5
01/10/2012	Oct-12	Supermarkets	113	967.32
01/10/2012	Oct-12	Supermarkets	1105	4702.09
01/10/2012	Oct-12	Supermarkets	8041	33280.79
01/10/2012	Oct-12	Supermarkets	3362	17071.16
01/10/2012	Oct-12	Supermarkets	20936	83613.04
01/10/2012	Oct-12	Supermarkets	131	704.97
01/11/2012	Nov-12	Hypermarkets	1472	5542.33
01/11/2012	Nov-12	Hypermarkets	862	2518.65
01/11/2012	Nov-12	Hypermarkets	290	1693.86
01/11/2012	Nov-12	Hypermarkets	372	2153.41
01/11/2012	Nov-12	Hypermarkets	2711	15570.89
01/11/2012	Nov-12	Hypermarkets	848	4125.97
01/11/2012	Nov-12	Hypermarkets	40873	160099.45
01/11/2012	Nov-12	Hypermarkets	1551	15369.9
01/11/2012	Nov-12	Hypermarkets	1033	10127.25
01/11/2012	Nov-12	Hypermarkets	559	2841.11
01/11/2012	Nov-12	Hypermarkets	594	2132.92
01/11/2012	Nov-12	Hypermarkets	586	3801.84
01/11/2012	Nov-12	Hypermarkets	1051	6139.84
01/11/2012	Nov-12	Hypermarkets	919	3638.11
01/11/2012	Nov-12	Hypermarkets	2971	11321.34
01/11/2012	Nov-12	Hypermarkets	271	2742.9
01/11/2012	Nov-12	Hypermarkets	179	1215.65
01/11/2012	Nov-12	Hypermarkets	2807	14072.98
01/11/2012	Nov-12	Hypermarkets	480	2699.26
01/11/2012	Nov-12	Hypermarkets	1907	11748.32
01/11/2012	Nov-12	Hypermarkets	7937	38496.71
01/11/2012	Nov-12	Hypermarkets	17656	75016.5
01/11/2012	Nov-12	Hypermarkets	2422	9812.1
01/11/2012	Nov-12	Hypermarkets	974	5485.22
01/11/2012	Nov-12	Hypermarkets	2200	10860.23
01/11/2012	Nov-12	Hypermarkets	1170	9177.37
01/11/2012	Nov-12	Hypermarkets	553	4172.2
01/11/2012	Nov-12	Hypermarkets	2502	19615.86
01/11/2012	Nov-12	Hypermarkets	6580	44339.98
01/11/2012	Nov-12	Hypermarkets	7477	44546.96
01/11/2012	Nov-12	Hypermarkets	592	4025.31
01/11/2012	Nov-12	Hypermarkets	380	1579.21
01/11/2012	Nov-12	Hypermarkets	991	4997.9
01/11/2012	Nov-12	Hypermarkets	2306	11104.23
01/11/2012	Nov-12	Hypermarkets	9765	40265.11
01/11/2012	Nov-12	Hypermarkets	758	3933.97
01/11/2012	Nov-12	Supermarkets	785	3078.32
01/11/2012	Nov-12	Supermarkets	806	2353.17
01/11/2012	Nov-12	Supermarkets	35326	163322.68
01/11/2012	Nov-12	Supermarkets	322	2028.6
01/11/2012	Nov-12	Supermarkets	3654	21189.07
01/11/2012	Nov-12	Supermarkets	4229	20880.19
01/11/2012	Nov-12	Supermarkets	29564	117979.8
01/11/2012	Nov-12	Supermarkets	263	3011.92
01/11/2012	Nov-12	Supermarkets	1114	11256.25
01/11/2012	Nov-12	Supermarkets	311	1663.92
01/11/2012	Nov-12	Supermarkets	520	1863.19
01/11/2012	Nov-12	Supermarkets	312	2066.69
01/11/2012	Nov-12	Supermarkets	1100	6756.06
01/11/2012	Nov-12	Supermarkets	1271	5278.12
01/11/2012	Nov-12	Supermarkets	2938	11395.91
01/11/2012	Nov-12	Supermarkets	677	7400.67
01/11/2012	Nov-12	Supermarkets	239	1642.59
01/11/2012	Nov-12	Supermarkets	2465	13795.99
01/11/2012	Nov-12	Supermarkets	142	866.41
01/11/2012	Nov-12	Supermarkets	1594	10055.26
01/11/2012	Nov-12	Supermarkets	10407	52886.67
01/11/2012	Nov-12	Supermarkets	12685	56054.43
01/11/2012	Nov-12	Supermarkets	973	4521.47
01/11/2012	Nov-12	Supermarkets	934	5755.94
01/11/2012	Nov-12	Supermarkets	301	1655.22
01/11/2012	Nov-12	Supermarkets	1240	10095.57
01/11/2012	Nov-12	Supermarkets	137	1121.53
01/11/2012	Nov-12	Supermarkets	1598	13362.41
01/11/2012	Nov-12	Supermarkets	7986	55537.57
01/11/2012	Nov-12	Supermarkets	3238	21895.84
01/11/2012	Nov-12	Supermarkets	199	1693.06
01/11/2012	Nov-12	Supermarkets	885	3667.65
01/11/2012	Nov-12	Supermarkets	21828	87962.43
01/11/2012	Nov-12	Supermarkets	3135	16438.38
01/11/2012	Nov-12	Supermarkets	7093	29285.11
01/11/2012	Nov-12	Supermarkets	172	944.44
01/12/2012	Dec-12	Hypermarkets	1553	5838.9
01/12/2012	Dec-12	Hypermarkets	928	2705.89
01/12/2012	Dec-12	Hypermarkets	470	2736.35
01/12/2012	Dec-12	Hypermarkets	721	4174.26
01/12/2012	Dec-12	Hypermarkets	7315	41075.53
01/12/2012	Dec-12	Hypermarkets	1766	8578.5
01/12/2012	Dec-12	Hypermarkets	40370	157462.02
01/12/2012	Dec-12	Hypermarkets	2388	23559.55
01/12/2012	Dec-12	Hypermarkets	1663	16239.38
01/12/2012	Dec-12	Hypermarkets	589	3002.35
01/12/2012	Dec-12	Hypermarkets	721	2578.81
01/12/2012	Dec-12	Hypermarkets	1177	7549.67
01/12/2012	Dec-12	Hypermarkets	1384	8183.89
01/12/2012	Dec-12	Hypermarkets	796	3216.76
01/12/2012	Dec-12	Hypermarkets	3245	12381.7
01/12/2012	Dec-12	Hypermarkets	614	6013.82
01/12/2012	Dec-12	Hypermarkets	305	2059.3
01/12/2012	Dec-12	Hypermarkets	4679	22811.17
01/12/2012	Dec-12	Hypermarkets	1894	10259.1
01/12/2012	Dec-12	Hypermarkets	4281	24422.83
01/12/2012	Dec-12	Hypermarkets	10676	50860.39
01/12/2012	Dec-12	Hypermarkets	69711	272718.66
01/12/2012	Dec-12	Hypermarkets	2547	10509.53
01/12/2012	Dec-12	Hypermarkets	1537	8520.57
01/12/2012	Dec-12	Hypermarkets	2521	12678.98
01/12/2012	Dec-12	Hypermarkets	1839	14432.53
01/12/2012	Dec-12	Hypermarkets	1241	9360.53
01/12/2012	Dec-12	Hypermarkets	6796	52071.85
01/12/2012	Dec-12	Hypermarkets	8007	54482.57
01/12/2012	Dec-12	Hypermarkets	17705	102062.22
01/12/2012	Dec-12	Hypermarkets	974	6830.44
01/12/2012	Dec-12	Hypermarkets	625	2629.49
01/12/2012	Dec-12	Hypermarkets	1416	7153.3
01/12/2012	Dec-12	Hypermarkets	5180	23509.63
01/12/2012	Dec-12	Hypermarkets	11113	46165.53
01/12/2012	Dec-12	Hypermarkets	1380	7159.7
01/12/2012	Dec-12	Supermarkets	808	3216.72
01/12/2012	Dec-12	Supermarkets	709	2069.1
01/12/2012	Dec-12	Supermarkets	32105	145921.24
01/12/2012	Dec-12	Supermarkets	519	3266.4
01/12/2012	Dec-12	Supermarkets	6115	35256.37
01/12/2012	Dec-12	Supermarkets	5464	26485.81
01/12/2012	Dec-12	Supermarkets	94757	369192.76
01/12/2012	Dec-12	Supermarkets	593	6441.65
01/12/2012	Dec-12	Supermarkets	1664	16294.11
01/12/2012	Dec-12	Supermarkets	365	1950.13
01/12/2012	Dec-12	Supermarkets	557	2013.78
01/12/2012	Dec-12	Supermarkets	505	3334.91
01/12/2012	Dec-12	Supermarkets	1458	8917.61
01/12/2012	Dec-12	Supermarkets	946	4001.91
01/12/2012	Dec-12	Supermarkets	3500	13541.67
01/12/2012	Dec-12	Supermarkets	946	10046.92
01/12/2012	Dec-12	Supermarkets	319	2180.02
01/12/2012	Dec-12	Supermarkets	2681	14567.04
01/12/2012	Dec-12	Supermarkets	3882	18804.93
01/12/2012	Dec-12	Supermarkets	2506	15482.58
01/12/2012	Dec-12	Supermarkets	11830	59637.46
01/12/2012	Dec-12	Supermarkets	68455	257886.85
01/12/2012	Dec-12	Supermarkets	805	3825.23
01/12/2012	Dec-12	Supermarkets	4026	20380.16
01/12/2012	Dec-12	Supermarkets	260	1470.28
01/12/2012	Dec-12	Supermarkets	1310	10541.1
01/12/2012	Dec-12	Supermarkets	413	3513.96
01/12/2012	Dec-12	Supermarkets	2917	24180.13
01/12/2012	Dec-12	Supermarkets	9691	68430.81
01/12/2012	Dec-12	Supermarkets	8422	51375.66
01/12/2012	Dec-12	Supermarkets	223	1902.47
01/12/2012	Dec-12	Supermarkets	748	3192.14
01/12/2012	Dec-12	Supermarkets	11263	46585.56
01/12/2012	Dec-12	Supermarkets	4999	24966.48
01/12/2012	Dec-12	Supermarkets	5330	22467.45
01/12/2012	Dec-12	Supermarkets	176	944.24
